f_ch,f_av,f_ap,marge,net_an,recu_an,challenges_an,perdus_an,retraits_an,rien
0.15,0.25,0.15,0,134.2,307.7,1.058,0.5583,0.1933,0.6769
0.15,0.35,0.15,0,127.6,307.6,1.097,0.5971,0.1922,0.6851
0.15,0.35,0.15,1000,125.6,305.5,1.097,0.5971,0.1922,0.6851
0.15,0.25,0.15,1000,116.8,288.3,1.046,0.546,0.1933,0.6769
0.25,0.25,0.15,0,75.72,400.5,1.981,1.481,0.2505,0.5971
0.25,0.25,0.15,1000,41.78,361.4,1.949,1.449,0.2505,0.5971
0.25,0.35,0.15,0,33.31,371.4,2.061,1.561,0.2321,0.591
0.25,0.35,0.15,1000,33.31,371.4,2.061,1.561,0.2321,0.591
0.15,0.5,0.15,0,-4.413,183.2,1.144,0.6442,0.1145,0.8221
0.15,0.5,0.15,1000,-4.413,183.2,1.144,0.6442,0.1145,0.8221
0.15,0.15,0.15,0,-8.238,158.9,1.019,0.5194,0.1288,0.816
0.35,0.35,0.15,0,-23.54,431.9,2.777,2.277,0.2699,0.5828
0.35,0.35,0.15,1000,-30.72,424.7,2.777,2.277,0.2699,0.5828
0.35,0.25,0.15,0,-41.38,418.3,2.803,2.303,0.2618,0.5992
0.15,0.15,0.15,1000,-46.11,118.9,1.006,0.5061,0.136,0.816
0.15,0.15,0.25,0,-83.08,103.6,1.138,0.638,0.08793,0.8241
0.25,0.15,0.15,0,-87.63,203.1,1.773,1.273,0.1892,0.6871
0.15,0.15,0.25,1000,-93.54,92.77,1.136,0.636,0.06851,0.863
0.35,0.25,0.15,1000,-100.7,353.2,2.768,2.268,0.2618,0.5992
0.25,0.15,0.15,1000,-101.6,188.5,1.769,1.269,0.1738,0.7239
0.15,0.5,0.25,0,-110.9,94.89,1.255,0.7546,0.0593,0.8814
0.15,0.5,0.25,1000,-110.9,94.89,1.255,0.7546,0.0593,0.8814
0.15,0.25,0.25,0,-112.8,85.27,1.208,0.7076,0.05419,0.8916
0.15,0.25,0.25,1000,-114.9,82.62,1.204,0.7045,0.05419,0.8916
0.15,0.15,0.5,0,-158.4,49.91,1.27,0.7699,0.04192,0.9162
0.15,0.15,0.35,0,-176.9,30.69,1.266,0.7658,0.04192,0.9162
0.15,0.15,0.35,1000,-186.6,19.47,1.257,0.7566,0.01636,0.9673
0.15,0.15,0.5,1000,-187,21.24,1.27,0.7699,0.01636,0.9673
0.15,0.35,0.25,0,-189.8,37.63,1.387,0.8865,0.02352,0.953
0.15,0.35,0.25,1000,-189.8,37.63,1.387,0.8865,0.02352,0.953
0.15,0.25,0.5,0,-211.9,5.726,1.327,0.8272,0.00409,0.9918
0.15,0.25,0.35,0,-213.8,3.847,1.327,0.8272,0.003067,0.9939
0.15,0.25,0.5,1000,-215.6,2.055,1.327,0.8272,0.003067,0.9939
0.15,0.25,0.35,1000,-216.3,1.393,1.327,0.8272,0.003067,0.9939
0.35,0.15,0.15,1000,-220.4,204.5,2.591,2.091,0.1697,0.7505
0.5,0.15,0.15,0,-226.7,415.6,3.916,3.416,0.3292,0.5481
0.25,0.15,0.25,0,-230.7,131.2,2.207,1.707,0.08998,0.82
0.15,0.35,0.35,0,-230.8,1.636,1.417,0.9172,0.001022,0.998
0.15,0.35,0.35,1000,-230.9,1.556,1.417,0.9172,0.001022,0.998
0.15,0.35,0.5,1000,-233.5,1.636,1.434,0.9335,0.001022,0.998
0.15,0.35,0.5,0,-233.5,1.636,1.434,0.9335,0.001022,0.998
0.15,0.5,0.35,0,-235.3,1.636,1.445,0.9448,0.001022,0.998
0.15,0.5,0.35,1000,-235.3,1.636,1.445,0.9448,0.001022,0.998
0.15,0.5,0.5,0,-236,1.636,1.449,0.9489,0.001022,0.998
0.15,0.5,0.5,1000,-236,1.636,1.449,0.9489,0.001022,0.998
0.25,0.5,0.15,1000,-241.9,184.9,2.602,2.102,0.1155,0.7689
0.25,0.5,0.15,0,-241.9,184.9,2.602,2.102,0.1155,0.7689
0.35,0.15,0.15,0,-242.4,184.2,2.601,2.101,0.2004,0.7117
0.25,0.15,0.25,1000,-242.5,116.6,2.189,1.689,0.08487,0.8303
0.5,0.25,0.15,0,-287.7,453,4.516,4.016,0.3221,0.5481
0.5,0.15,0.15,1000,-314.3,327.5,3.913,3.413,0.271,0.5624
0.25,0.25,0.25,1000,-340.1,80.16,2.562,2.062,0.0501,0.8998
0.25,0.25,0.25,0,-340.1,80.16,2.562,2.062,0.0501,0.8998
0.25,0.35,0.25,1000,-347.1,85.07,2.635,2.135,0.05317,0.8937
0.25,0.35,0.25,0,-347.1,85.07,2.635,2.135,0.05317,0.8937
0.35,0.5,0.15,0,-351.4,225.8,3.519,3.019,0.1411,0.7178
0.35,0.5,0.15,1000,-351.4,225.8,3.519,3.019,0.1411,0.7178
0.5,0.25,0.15,1000,-376.5,362.9,4.508,4.008,0.2699,0.5501
0.25,0.15,0.5,0,-380.3,13.78,2.403,1.903,0.01125,0.9775
0.25,0.15,0.35,0,-383.5,9.443,2.396,1.896,0.01125,0.9775
0.25,0.15,0.5,1000,-388.6,5.507,2.403,1.903,0.006135,0.9877
0.25,0.15,0.35,1000,-389.1,3.774,2.396,1.896,0.006135,0.9877
0.25,0.5,0.25,1000,-390,86.71,2.907,2.407,0.05419,0.8916
0.25,0.5,0.25,0,-390,86.71,2.907,2.407,0.05419,0.8916
0.35,0.35,0.35,0,-417.3,258.5,4.121,3.621,0.1616,0.6769
0.35,0.35,0.35,1000,-424.2,251.6,4.121,3.621,0.1616,0.6769
0.35,0.15,0.25,1000,-427.8,95.03,3.188,2.688,0.07055,0.8589
0.35,0.15,0.25,0,-434.3,90.43,3.199,2.699,0.09918,0.8016
0.35,0.35,0.5,1000,-445,258.5,4.289,3.789,0.1616,0.6769
0.35,0.35,0.5,0,-445,258.5,4.289,3.789,0.1616,0.6769
0.5,0.35,0.15,0,-445.7,413.9,5.241,4.741,0.2587,0.5849
0.5,0.5,0.15,0,-446.3,412.3,5.235,4.735,0.2577,0.6155
0.5,0.5,0.15,1000,-446.3,412.3,5.235,4.735,0.2577,0.6155
0.25,0.25,0.35,1000,-447.4,0,2.728,2.228,0,1
0.25,0.25,0.35,0,-447.4,0,2.728,2.228,0,1
0.5,0.35,0.15,1000,-463,396.6,5.241,4.741,0.2556,0.5849
0.35,0.35,0.25,0,-465.8,127.6,3.619,3.119,0.07975,0.8405
0.25,0.25,0.5,1000,-471.9,0,2.877,2.377,0,1
0.25,0.25,0.5,0,-471.9,0,2.877,2.377,0,1
0.35,0.5,0.25,0,-475.2,166.9,3.915,3.415,0.1043,0.7914
0.35,0.5,0.25,1000,-475.2,166.9,3.915,3.415,0.1043,0.7914
0.35,0.35,0.25,1000,-482.5,110.9,3.619,3.119,0.07975,0.8405
0.25,0.35,0.35,0,-483.6,0,2.949,2.449,0,1
0.25,0.35,0.35,1000,-483.6,0,2.949,2.449,0,1
0.35,0.25,0.25,0,-486.2,108.3,3.625,3.125,0.07362,0.8528
0.25,0.35,0.5,1000,-509.8,0,3.108,2.608,0,1
0.25,0.35,0.5,0,-509.8,0,3.108,2.608,0,1
0.25,0.5,0.35,0,-512.1,0,3.123,2.623,0,1
0.25,0.5,0.35,1000,-512.1,0,3.123,2.623,0,1
0.35,0.25,0.35,0,-516.6,117.8,3.868,3.368,0.07362,0.8528
0.25,0.5,0.5,1000,-528.2,0,3.221,2.721,0,1
0.25,0.5,0.5,0,-528.2,0,3.221,2.721,0,1
0.35,0.15,0.5,0,-542.3,26.86,3.47,2.97,0.02556,0.9489
0.35,0.25,0.5,0,-543.9,117.8,4.035,3.535,0.07362,0.8528
0.35,0.25,0.25,1000,-545.1,49.38,3.625,3.125,0.07362,0.8528
0.35,0.15,0.35,0,-549.9,17.76,3.461,2.961,0.02556,0.9489
0.35,0.25,0.35,1000,-550.1,84.25,3.868,3.368,0.07362,0.8528
0.35,0.15,0.5,1000,-559.2,9.969,3.47,2.97,0.01227,0.9755
0.35,0.15,0.35,1000,-561.8,5.806,3.461,2.961,0.009202,0.9816
0.5,0.15,0.25,0,-581.3,237.5,4.993,4.493,0.1708,0.6585
0.35,0.5,0.35,0,-596.6,140.7,4.496,3.996,0.08793,0.8241
0.35,0.5,0.35,1000,-596.6,140.7,4.496,3.996,0.08793,0.8241
0.35,0.25,0.5,1000,-597.7,63.99,4.035,3.535,0.07362,0.8528
0.35,0.5,0.5,0,-605.9,140.7,4.552,4.052,0.08793,0.8241
0.35,0.5,0.5,1000,-605.9,140.7,4.552,4.052,0.08793,0.8241
0.5,0.15,0.25,1000,-682.9,115,4.865,4.365,0.1503,0.6994
0.5,0.25,0.25,0,-685.7,252.3,5.72,5.22,0.1595,0.681
0.5,0.15,0.35,0,-750.5,150.5,5.494,4.994,0.1288,0.7975
0.5,0.25,0.25,1000,-755.9,157.6,5.571,5.071,0.1595,0.681
0.5,0.15,0.35,1000,-765.4,135.6,5.494,4.994,0.1002,0.8425
0.5,0.25,0.35,0,-869.3,143.2,6.174,5.674,0.1012,0.8405
0.5,0.15,0.5,0,-880.4,45.76,5.647,5.147,0.05521,0.8896
0.5,0.25,0.35,1000,-890.9,120.6,6.168,5.668,0.07975,0.8405
0.5,0.15,0.5,1000,-908.3,17.71,5.646,5.146,0.02761,0.9448
0.5,0.5,0.25,1000,-912.5,219.2,6.901,6.401,0.137,0.726
0.5,0.5,0.25,0,-912.5,219.2,6.901,6.401,0.137,0.726
0.5,0.25,0.5,0,-912.9,141,6.426,5.926,0.1012,0.8405
0.5,0.35,0.25,0,-932.8,132.5,6.496,5.996,0.08282,0.8344
0.5,0.35,0.25,1000,-932.8,132.5,6.496,5.996,0.08282,0.8344
0.5,0.25,0.5,1000,-933.9,121.9,6.438,5.938,0.07975,0.8405
0.5,0.35,0.35,0,-977.9,260.1,7.549,7.049,0.1626,0.6748
0.5,0.35,0.35,1000,-984.9,253.1,7.549,7.049,0.1626,0.6748
0.5,0.35,0.5,1000,-1040,260.1,7.925,7.425,0.1626,0.6748
0.5,0.35,0.5,0,-1040,260.1,7.925,7.425,0.1626,0.6748
0.5,0.5,0.35,0,-1218,142.3,8.294,7.794,0.08896,0.8221
0.5,0.5,0.35,1000,-1218,142.3,8.294,7.794,0.08896,0.8221
0.5,0.5,0.5,0,-1275,142.3,8.64,8.14,0.08896,0.8221
0.5,0.5,0.5,1000,-1275,142.3,8.64,8.14,0.08896,0.8221
