jour,minute,sens,points
2011-01-24,120,1,7.75
2011-01-26,60,1,-7.25
2011-01-27,30,1,-2.0
2011-01-28,30,-1,47.75
2011-01-31,30,-1,-6.25
2011-01-31,180,1,-7.75
2011-02-01,30,1,16.0
2011-02-03,60,-1,-4.0
2011-02-07,90,1,1.5
2011-02-07,210,1,-1.25
2011-02-08,30,1,-0.5
2011-02-11,300,1,0.0
2011-02-16,90,1,-7.25
2011-02-18,300,-1,-8.75
2011-02-22,30,-1,-6.0
2011-02-22,120,-1,29.0
2011-02-23,120,-1,-2.5
2011-02-23,330,-1,-2.5
2011-02-23,360,-1,4.25
2011-02-24,60,1,-12.75
2011-02-24,270,-1,-15.0
2011-02-25,30,1,-0.75
2011-02-25,150,1,6.25
2011-03-01,60,-1,-14.75
2011-03-01,120,-1,21.75
2011-03-02,30,1,-6.75
2011-03-02,180,1,-3.0
2011-03-02,330,1,-8.75
2011-03-03,30,1,7.0
2011-03-04,60,-1,-9.5
2011-03-04,150,-1,-2.0
2011-03-07,90,-1,7.25
2011-03-08,120,1,1.75
2011-03-09,30,-1,-14.0
2011-03-09,90,-1,-16.25
2011-03-10,30,-1,-3.25
2011-03-11,360,1,-8.75
2011-03-16,150,-1,-5.25
2011-03-16,240,-1,-4.75
2011-03-16,360,-1,6.75
2011-03-21,30,1,-0.25
2011-03-24,90,1,5.0
2011-03-24,240,1,-3.25
2011-03-24,300,1,1.5
2011-03-25,90,1,-5.25
2011-03-29,60,1,0.0
2011-03-29,270,1,-0.5
2011-03-29,330,1,0.75
2011-04-04,270,-1,-4.0
2011-04-07,30,1,-8.5
2011-04-08,330,-1,-11.5
2011-04-11,210,-1,-5.0
2011-04-12,30,-1,-6.25
2011-04-12,90,-1,-3.0
2011-04-18,30,-1,-4.0
2011-04-18,150,-1,-2.25
2011-04-18,180,-1,-1.75
2011-04-18,210,-1,-9.75
2011-04-18,270,-1,-1.75
2011-04-18,300,-1,-11.0
2011-04-20,60,1,-6.5
2011-04-20,270,1,-3.0
2011-04-20,360,1,-1.0
2011-04-26,90,1,-3.25
2011-04-26,300,1,-2.25
2011-04-27,360,1,1.0
2011-05-02,180,-1,-4.75
2011-05-03,60,-1,0.0
2011-05-03,180,-1,-1.0
2011-05-04,30,-1,-2.5
2011-05-04,90,-1,-2.0
2011-05-04,270,-1,-12.25
2011-05-05,150,1,-6.75
2011-05-05,240,1,-11.5
2011-05-05,360,-1,-8.25
2011-05-06,120,1,-5.0
2011-05-09,180,1,-7.25
2011-05-10,30,1,-5.0
2011-05-10,330,1,-0.5
2011-05-11,150,-1,3.0
2011-05-12,240,1,-5.0
2011-05-12,360,1,-1.5
2011-05-13,120,-1,7.25
2011-05-16,180,-1,18.0
2011-05-18,60,1,-0.5
2011-05-18,270,1,0.25
2011-05-19,90,-1,-5.25
2011-05-20,30,-1,-4.5
2011-05-23,30,-1,-4.25
2011-05-23,90,-1,-1.75
2011-05-23,120,-1,-0.75
2011-05-24,210,-1,-0.5
2011-05-25,120,1,-1.0
2011-05-25,360,1,-8.25
2011-05-26,210,1,-0.25
2011-05-27,90,1,-1.25
2011-06-01,90,-1,34.0
2011-06-06,30,1,-3.25
2011-06-08,30,-1,-4.5
2011-06-08,270,-1,-7.25
2011-06-08,360,-1,-2.25
2011-06-09,210,1,-6.75
2011-06-10,60,-1,1.5
2011-06-10,360,-1,10.25
2011-06-14,30,1,3.25
2011-06-15,150,-1,10.5
2011-06-16,30,-1,-9.5
2011-06-16,300,-1,-5.25
2011-06-20,30,1,-3.25
2011-06-20,150,1,-7.25
2011-06-21,30,1,27.75
2011-06-24,60,-1,10.75
2011-06-27,30,1,22.75
2011-06-28,30,1,19.0
2011-06-30,30,1,5.0
2011-06-30,270,1,-3.0
2011-07-01,30,1,23.25
2011-07-07,300,1,-3.25
2011-07-11,90,-1,-3.5
2011-07-11,240,-1,-4.5
2011-07-11,300,-1,-4.25
2011-07-12,30,-1,-6.0
2011-07-13,60,1,-0.25
2011-07-14,30,1,-4.5
2011-07-14,180,-1,7.25
2011-07-18,60,-1,-3.0
2011-07-18,150,-1,-12.25
2011-07-19,30,1,-1.75
2011-07-19,180,1,15.25
2011-07-21,30,1,1.5
2011-07-21,210,1,-5.75
2011-07-21,330,1,-6.0
2011-07-22,180,1,9.0
2011-07-27,30,-1,-1.0
2011-07-27,120,-1,29.75
2011-07-28,60,1,-0.5
2011-08-01,60,-1,-1.75
2011-08-02,270,-1,-12.75
2011-08-02,360,-1,9.5
2011-08-03,30,1,-31.0
2011-08-03,60,-1,-5.5
2011-08-04,90,-1,42.5
2011-08-05,30,-1,-24.75
2011-08-05,120,-1,-37.5
2011-08-08,60,-1,-3.0
2011-08-08,270,-1,34.5
2011-08-09,30,1,-3.5
2011-08-10,30,-1,-7.0
2011-08-11,60,1,31.0
2011-08-15,60,1,-10.25
2011-08-17,240,-1,-5.0
2011-08-18,30,-1,-14.75
2011-08-18,150,-1,-0.5
2011-08-18,180,-1,16.5
2011-08-19,60,1,-16.75
2011-08-23,60,1,-6.0
2011-08-23,120,1,44.0
2011-08-25,90,-1,-10.5
2011-08-25,180,-1,-2.75
2011-08-25,330,-1,-9.5
2011-08-26,90,1,26.5
2011-08-29,30,1,3.25
2011-08-29,180,1,12.25
2011-09-08,90,1,-9.25
2011-09-09,120,-1,14.75
2011-09-14,330,1,-12.75
2011-09-19,30,-1,-9.0
2011-09-20,90,1,-2.75
2011-09-22,30,-1,-16.0
2011-09-22,240,-1,1.5
2011-09-23,90,1,-6.25
2011-09-23,240,1,2.5
2011-09-23,360,1,-5.25
2011-09-26,30,-1,-15.0
2011-09-26,210,-1,-5.75
2011-09-28,300,-1,-9.75
2011-09-29,210,-1,8.25
2011-09-30,30,-1,-16.75
2011-10-03,300,-1,11.0
2011-10-04,150,1,-15.75
2011-10-05,90,1,26.0
2011-10-06,60,1,-6.75
2011-10-06,120,1,-6.75
2011-10-06,300,1,-11.0
2011-10-07,120,-1,-8.5
2011-10-07,180,-1,-5.0
2011-10-10,30,1,7.75
2011-10-17,210,-1,-2.5
2011-10-18,30,-1,-13.75
2011-10-18,360,1,-3.75
2011-10-19,300,-1,-1.0
2011-10-20,60,-1,-4.75
2011-10-21,30,1,4.0
2011-10-24,30,1,28.0
2011-10-25,30,-1,-7.75
2011-10-25,120,-1,1.25
2011-10-25,270,-1,13.0
2011-10-26,60,-1,-8.25
2011-10-27,360,1,-12.75
2011-10-31,30,-1,-10.25
2011-11-03,240,1,12.0
2011-11-04,30,-1,2.5
2011-11-07,90,-1,-6.25
2011-11-07,180,-1,-13.0
2011-11-08,30,1,-20.0
2011-11-09,30,-1,-2.0
2011-11-09,270,-1,10.25
2011-11-10,60,-1,-8.5
2011-11-11,90,1,2.0
2011-11-15,180,1,7.25
2011-11-17,30,-1,33.75
2011-11-18,60,-1,-10.5
2011-11-18,150,-1,-5.0
2011-11-21,30,-1,-5.25
2011-11-23,30,-1,-1.25
2011-11-23,270,-1,8.5
2011-11-28,30,1,-1.75
2011-11-28,240,1,-8.75
2011-11-30,90,1,-5.25
2011-12-01,30,1,-7.0
2011-12-01,360,1,-6.75
2011-12-07,30,-1,-6.25
2011-12-07,90,-1,-10.25
2011-12-08,240,-1,-4.0
2011-12-08,330,-1,-9.0
2011-12-09,90,1,7.25
2011-12-13,360,-1,-1.0
2011-12-14,60,-1,2.25
2011-12-14,240,-1,6.0
2011-12-16,30,1,-13.25
2011-12-19,360,-1,-4.75
2011-12-20,30,1,17.5
2011-12-21,30,-1,-6.25
2011-12-21,360,-1,-3.0
2011-12-22,30,1,-4.0
2011-12-28,30,-1,1.5
2011-12-28,120,-1,3.5
2012-01-05,240,1,-3.75
2012-01-13,60,-1,-9.5
2012-01-17,90,1,-1.5
2012-01-18,60,1,12.25
2012-01-23,30,1,-10.5
2012-01-23,150,-1,-0.5
2012-01-26,300,-1,-3.0
2012-01-27,360,1,-4.5
2012-01-31,120,-1,-4.5
2012-02-01,180,1,-4.25
2012-02-03,30,1,0.5
2012-02-03,180,1,-2.0
2012-02-08,30,1,-5.75
2012-02-08,330,1,1.25
2012-02-09,240,1,-3.0
2012-02-09,300,1,-1.5
2012-02-15,120,1,-5.5
2012-02-15,330,-1,2.25
2012-02-16,30,1,-6.5
2012-02-16,150,1,17.5
2012-02-17,30,-1,-3.25
2012-02-17,90,-1,-3.25
2012-02-21,60,1,-1.25
2012-02-23,90,1,-4.75
2012-02-23,360,1,-3.25
2012-02-28,30,1,-0.25
2012-02-28,270,1,-3.5
2012-02-28,300,1,12.25
2012-02-29,30,1,-8.25
2012-03-01,240,1,-1.5
2012-03-05,60,-1,12.25
2012-03-06,60,-1,-15.0
2012-03-07,150,1,-3.25
2012-03-07,270,1,-1.5
2012-03-08,210,1,-1.25
2012-03-09,60,1,-2.5
2012-03-09,270,1,-4.25
2012-03-12,60,-1,-3.75
2012-03-14,30,1,-3.5
2012-03-14,240,1,-13.75
2012-03-19,150,1,1.5
2012-03-20,30,-1,-5.5
2012-03-21,30,1,-2.25
2012-03-21,210,1,-4.5
2012-03-21,330,1,-12.75
2012-03-23,30,-1,-3.25
2012-03-23,90,-1,-7.5
2012-03-26,60,1,21.75
2012-03-27,60,1,-2.25
2012-03-27,120,1,0.25
2012-03-27,270,1,-5.75
2012-03-28,150,-1,-8.5
2012-03-29,120,-1,-2.25
2012-03-30,60,-1,-8.75
2012-04-02,60,1,16.75
2012-04-03,90,1,-9.25
2012-04-04,60,-1,-2.25
2012-04-04,360,-1,-0.75
2012-04-05,90,1,1.0
2012-04-05,330,1,0.25
2012-04-10,30,1,-13.0
2012-04-10,150,-1,17.5
2012-04-12,30,1,13.5
2012-04-13,30,-1,19.75
2012-04-16,30,-1,-8.0
2012-04-16,90,-1,-0.5
2012-04-16,270,-1,-1.0
2012-04-16,330,-1,5.25
2012-04-17,30,1,26.0
2012-04-19,300,-1,-4.25
2012-04-23,30,-1,0.5
2012-04-23,90,-1,-7.5
2012-04-25,30,1,-5.25
2012-05-01,60,1,-11.5
2012-05-01,270,1,-1.5
2012-05-01,300,1,-3.0
2012-05-03,150,-1,8.75
2012-05-04,30,-1,29.25
2012-05-08,60,-1,-3.25
2012-05-08,240,-1,-6.0
2012-05-10,60,-1,-6.0
2012-05-10,150,-1,-5.75
2012-05-11,30,1,3.25
2012-05-15,180,1,-7.5
2012-05-16,360,-1,-2.5
2012-05-17,30,-1,-10.0
2012-05-17,90,-1,39.25
2012-05-18,330,-1,7.0
2012-05-21,60,1,37.0
2012-05-24,30,-1,-6.75
2012-05-24,240,-1,-5.5
2012-05-29,60,1,-8.0
2012-05-31,30,-1,-13.75
2012-06-01,270,-1,-1.75
2012-06-05,30,1,-11.75
2012-06-06,30,1,19.0
2012-06-08,240,1,-2.5
2012-06-08,330,1,4.0
2012-06-12,120,1,-6.0
2012-06-14,120,1,-4.5
2012-06-14,210,1,-8.25
2012-06-15,30,1,-2.0
2012-06-15,90,1,9.0
2012-06-18,60,1,-3.75
2012-06-18,210,1,5.75
2012-06-19,30,1,1.5
2012-06-19,150,1,-5.75
2012-06-21,30,-1,-1.5
2012-06-21,120,-1,34.0
2012-06-25,60,-1,6.75
2012-06-28,60,-1,-9.0
2012-06-29,120,1,-2.75
2012-06-29,210,1,-0.5
2012-07-06,30,-1,7.25
2012-07-09,30,-1,-3.0
2012-07-10,300,-1,-2.75
2012-07-11,240,-1,-3.75
2012-07-11,300,-1,-20.75
2012-07-12,30,-1,-5.75
2012-07-12,120,-1,-9.0
2012-07-13,30,1,20.25
2012-07-16,30,-1,-11.5
2012-07-17,90,-1,-6.25
2012-07-18,30,1,12.25
2012-07-19,180,1,-6.5
2012-07-20,30,-1,-1.75
2012-07-20,150,-1,10.75
2012-07-23,30,-1,-3.5
2012-07-23,60,-1,-10.25
2012-07-24,150,-1,3.75
2012-07-27,90,1,29.5
2012-08-02,60,1,-14.75
2012-08-03,60,1,-4.75
2012-08-03,120,1,-2.0
2012-08-03,300,1,-8.0
2012-08-06,210,1,-5.5
2012-08-07,150,1,-1.5
2012-08-15,30,1,-3.0
2012-08-15,150,1,-3.0
2012-08-16,90,1,11.25
2012-08-20,30,-1,-3.5
2012-08-21,240,-1,-4.25
2012-08-22,330,1,-3.25
2012-08-23,30,-1,-8.5
2012-08-23,210,-1,-1.5
2012-08-24,90,1,6.0
2012-08-28,30,-1,-12.25
2012-08-29,90,-1,-5.0
2012-08-30,30,-1,1.25
2012-08-30,330,-1,-2.5
2012-09-04,60,-1,-5.25
2012-09-04,210,-1,-5.0
2012-09-05,60,1,-15.75
2012-09-06,30,1,22.5
2012-09-10,90,-1,-1.75
2012-09-10,270,-1,11.75
2012-09-11,30,1,-6.0
2012-09-13,210,1,8.25
2012-09-14,30,1,-4.25
2012-09-25,330,-1,16.25
2012-09-26,30,-1,-2.25
2012-09-26,240,-1,0.75
2012-09-26,300,-1,1.0
2012-09-26,330,-1,0.75
2012-09-27,90,1,-5.0
2012-09-27,150,1,14.0
2012-09-28,60,-1,-11.0
2012-10-01,30,1,-1.25
2012-10-03,150,1,-2.0
2012-10-04,60,1,-3.75
2012-10-05,330,-1,-1.75
2012-10-08,60,-1,-3.75
2012-10-08,120,-1,-1.75
2012-10-09,30,-1,18.25
2012-10-10,210,-1,-5.0
2012-10-12,30,1,-7.75
2012-10-12,90,1,-14.0
2012-10-16,30,1,25.25
2012-10-18,210,-1,1.25
2012-10-19,30,-1,48.5
2012-10-22,30,1,-7.0
2012-10-31,60,-1,4.5
2012-11-01,30,1,10.5
2012-11-02,360,-1,5.25
2012-11-07,60,-1,-0.5
2012-11-07,360,-1,11.5
2012-11-08,210,-1,21.25
2012-11-09,30,1,9.25
2012-11-09,300,1,-8.0
2012-11-14,330,-1,10.5
2012-11-15,30,-1,-9.75
2012-11-16,30,-1,-5.0
2012-11-16,120,-1,-33.5
2012-11-19,30,1,-1.75
2012-11-19,90,1,-2.75
2012-11-19,150,1,15.0
2012-11-20,240,-1,-11.5
2012-11-27,60,-1,-4.5
2012-11-28,30,-1,-11.5
2012-11-28,270,1,-6.0
2012-11-28,360,1,0.0
2012-11-29,30,1,-9.25
2012-12-04,30,-1,-1.0
2012-12-04,210,-1,-5.5
2012-12-05,30,-1,-6.75
2012-12-05,150,-1,0.75
2012-12-05,180,-1,-4.75
2012-12-05,240,-1,2.0
2012-12-05,270,-1,-1.0
2012-12-05,300,-1,-2.5
2012-12-05,330,-1,-2.5
2012-12-05,360,-1,9.5
2012-12-06,90,1,-10.5
2012-12-06,240,1,-7.25
2012-12-07,90,-1,2.0
2012-12-10,30,1,-3.75
2012-12-11,30,1,0.0
2012-12-11,330,1,-3.0
2012-12-13,60,1,-8.25
2012-12-13,180,-1,-6.25
2012-12-18,120,1,13.25
2012-12-20,30,-1,-4.0
2012-12-26,90,-1,-2.5
2012-12-26,330,-1,5.75
2012-12-27,60,-1,-9.5
2012-12-27,120,-1,-5.5
2012-12-31,30,1,32.75
2013-01-02,30,1,-5.0
2013-01-03,360,-1,-7.5
2013-01-04,60,-1,-2.5
2013-01-08,30,-1,-2.0
2013-01-08,90,-1,-3.0
2013-01-08,210,-1,-8.0
2013-01-09,30,1,1.25
2013-01-15,30,-1,-0.5
2013-01-16,330,1,-6.25
2013-01-22,60,-1,-6.25
2013-01-22,210,-1,-4.5
2013-01-25,30,1,-13.0
2013-01-25,270,1,-4.75
2013-01-28,90,1,-9.5
2013-01-28,270,1,-2.75
2013-01-29,30,-1,-2.0
2013-01-29,360,1,-5.25
2013-01-30,360,-1,-4.0
2013-01-31,30,1,-10.5
2013-01-31,360,-1,-3.0
2013-02-01,150,1,-0.75
2013-02-04,120,-1,13.75
2013-02-05,30,1,20.25
2013-02-07,60,-1,-8.25
2013-02-07,180,-1,-1.5
2013-02-07,210,-1,-1.75
2013-02-07,240,-1,-8.0
2013-02-07,300,-1,-5.0
2013-02-07,330,-1,-0.25
2013-02-07,360,-1,-15.0
2013-02-08,30,1,-4.75
2013-02-13,30,1,-3.25
2013-02-15,300,-1,-4.0
2013-02-19,60,1,-7.75
2013-02-20,90,-1,31.75
2013-02-21,30,-1,-2.75
2013-02-25,360,-1,14.0
2013-02-27,60,1,12.25
2013-02-28,30,1,-3.5
2013-02-28,60,1,-7.25
2013-02-28,120,1,-2.75
2013-02-28,240,1,-5.75
2013-03-01,90,1,-9.25
2013-03-01,210,1,-2.0
2013-03-05,30,1,13.25
2013-03-13,30,-1,-9.75
2013-03-15,30,-1,-11.0
2013-03-19,150,-1,-5.25
2013-03-22,210,1,-3.0
2013-03-25,90,-1,-2.75
2013-03-25,180,-1,-12.0
2013-03-25,330,-1,-1.0
2013-04-01,60,-1,12.75
2013-04-02,30,1,-5.0
2013-04-03,180,-1,11.5
2013-04-09,240,1,-7.5
2013-04-10,30,1,30.0
2013-04-12,90,-1,-6.75
2013-04-15,60,-1,-7.25
2013-04-15,150,-1,30.0
2013-04-16,150,1,-5.75
2013-04-16,360,1,0.0
2013-04-17,30,-1,21.5
2013-04-18,30,-1,-10.0
2013-04-18,90,-1,24.0
2013-04-19,30,1,16.0
2013-04-22,300,1,-5.5
2013-04-23,30,1,2.75
2013-04-25,30,1,-0.25
2013-04-29,60,1,-0.75
2013-05-01,60,-1,-8.5
2013-05-02,30,1,15.25
2013-05-03,60,1,-3.25
2013-05-08,90,1,0.25
2013-05-10,30,1,-9.0
2013-05-14,30,1,0.75
2013-05-17,360,1,0.75
2013-05-22,30,1,-14.5
2013-05-22,120,1,-5.75
2013-05-22,300,-1,1.25
2013-05-28,30,1,-5.25
2013-05-29,60,-1,-2.75
2013-05-29,210,-1,-6.75
2013-05-30,30,1,-4.5
2013-06-03,30,-1,-2.0
2013-06-03,90,-1,-7.25
2013-06-04,30,1,-1.5
2013-06-04,240,-1,0.5
2013-06-05,90,-1,13.75
2013-06-06,180,-1,-10.5
2013-06-07,60,1,-0.75
2013-06-07,330,1,5.5
2013-06-12,150,-1,11.5
2013-06-13,210,1,15.25
2013-06-14,90,-1,-4.75
2013-06-14,240,-1,-9.25
2013-06-18,30,1,11.5
2013-06-19,330,-1,3.5
2013-06-20,60,-1,-0.5
2013-06-20,120,-1,-6.5
2013-06-20,210,-1,17.75
2013-06-21,30,-1,3.25
2013-06-21,270,-1,-10.25
2013-06-24,30,-1,-12.25
2013-06-24,90,-1,0.5
2013-06-27,30,1,2.0
2013-06-28,270,1,-2.5
2013-06-28,360,1,-17.25
2013-07-01,30,1,-3.0
2013-07-01,150,1,-10.75
2013-07-02,30,1,-1.5
2013-07-02,150,1,-9.25
2013-07-10,30,1,-6.75
2013-07-10,300,1,-5.0
2013-07-10,360,1,-3.25
2013-07-11,120,1,12.25
2013-07-18,240,-1,-7.5
2013-07-19,30,-1,-1.25
2013-07-19,150,-1,-5.0
2013-07-19,330,-1,-7.25
2013-07-23,60,-1,-6.5
2013-07-23,270,-1,9.5
2013-07-30,60,1,-6.0
2013-07-30,120,1,-14.25
2013-07-31,30,1,-2.25
2013-07-31,330,1,-19.5
2013-08-01,300,1,-1.5
2013-08-02,240,1,6.25
2013-08-06,60,-1,-3.0
2013-08-06,210,-1,1.5
2013-08-07,30,-1,-7.0
2013-08-09,120,-1,-15.25
2013-08-12,90,1,-6.25
2013-08-12,210,1,-6.25
2013-08-13,60,-1,-5.25
2013-08-13,240,1,0.5
2013-08-14,90,-1,-5.0
2013-08-14,240,-1,-4.0
2013-08-15,30,-1,-6.75
2013-08-15,120,-1,-4.0
2013-08-15,210,-1,5.75
2013-08-16,90,1,-5.0
2013-08-16,180,1,-3.75
2013-08-19,30,1,-5.0
2013-08-19,180,1,-2.25
2013-08-19,240,1,-4.0
2013-08-19,300,1,-5.75
2013-08-20,120,1,-7.25
2013-08-21,330,1,-8.75
2013-08-22,60,1,-3.75
2013-08-22,150,1,-3.25
2013-08-22,180,1,-11.75
2013-08-22,270,1,6.25
2013-08-26,60,1,-15.75
2013-08-27,180,-1,17.75
2013-08-28,30,1,-3.75
2013-08-28,90,1,-4.75
2013-08-29,30,1,0.25
2013-08-29,360,1,-3.0
2013-08-30,30,-1,1.25
2013-08-30,240,-1,3.25
2013-09-04,60,1,7.75
2013-09-06,30,-1,-13.75
2013-09-09,180,1,4.75
2013-09-13,60,-1,-5.0
2013-09-17,90,1,2.0
2013-09-18,270,1,13.75
2013-09-23,90,-1,-11.25
2013-09-25,30,-1,-8.0
2013-09-26,30,1,-9.75
2013-09-26,150,1,-0.25
2013-10-01,60,1,11.75
2013-10-03,30,-1,14.5
2013-10-03,240,-1,0.25
2013-10-03,270,-1,5.5
2013-10-04,30,1,13.75
2013-10-08,90,-1,23.75
2013-10-09,30,-1,-4.75
2013-10-09,90,-1,-15.5
2013-10-10,30,1,-0.75
2013-10-10,150,1,4.75
2013-10-11,180,1,0.25
2013-10-16,30,1,0.75
2013-10-23,30,-1,-2.0
2013-11-01,240,-1,-9.0
2013-11-06,90,-1,-8.75
2013-11-07,30,-1,48.25
2013-11-08,60,1,14.5
2013-11-13,180,1,25.25
2013-11-18,30,-1,-6.0
2013-11-18,360,-1,-6.75
2013-11-19,30,1,-5.75
2013-11-21,30,1,-0.5
2013-11-21,270,1,-3.0
2013-11-21,330,1,-2.75
2013-11-26,180,1,0.25
2013-11-27,30,1,-0.25
2013-11-27,120,1,-5.75
2013-12-03,240,-1,-2.5
2013-12-04,60,1,-7.0
2013-12-05,120,-1,-3.25
2013-12-11,30,-1,34.75
2013-12-17,90,-1,-7.75
2013-12-18,30,-1,-7.5
2013-12-18,120,-1,-12.0
2013-12-18,360,1,12.75
2013-12-20,30,1,14.5
2013-12-31,90,1,-2.75
2014-01-02,30,-1,-8.25
2014-01-02,150,-1,-5.75
2014-01-02,240,-1,-7.5
2014-01-03,120,-1,6.5
2014-01-06,30,-1,-6.75
2014-01-07,30,1,-2.75
2014-01-07,180,1,-3.75
2014-01-07,330,1,-3.25
2014-01-08,60,1,-5.0
2014-01-08,150,1,-5.25
2014-01-08,300,1,-5.0
2014-01-09,90,-1,-9.25
2014-01-09,270,-1,-7.75
2014-01-10,120,-1,-6.75
2014-01-13,210,-1,30.75
2014-01-14,30,1,42.25
2014-01-15,30,1,-2.5
2014-01-15,180,1,-4.25
2014-01-15,300,1,-5.5
2014-01-23,30,-1,-1.25
2014-01-23,180,-1,-4.5
2014-01-23,240,-1,-7.25
2014-01-24,30,-1,44.5
2014-01-27,60,-1,-12.0
2014-01-27,270,-1,-5.75
2014-01-30,120,1,-0.75
2014-02-03,30,-1,56.75
2014-02-05,60,-1,-20.5
2014-02-06,30,1,10.25
2014-02-07,150,1,18.0
2014-02-10,30,1,-0.75
2014-02-11,210,1,6.25
2014-02-13,90,1,-1.75
2014-02-13,270,1,-7.5
2014-02-13,330,1,-5.25
2014-02-20,30,-1,-15.25
2014-02-24,30,1,1.25
2014-02-25,30,-1,-5.5
2014-02-27,240,1,-4.75
2014-02-28,30,1,-4.75
2014-02-28,150,1,-13.5
2014-03-03,150,-1,-12.0
2014-03-06,270,-1,-11.75
2014-03-07,30,-1,-2.25
2014-03-10,60,-1,-11.25
2014-03-11,330,-1,-4.75
2014-03-12,120,1,-10.0
2014-03-12,210,1,-5.75
2014-03-13,90,-1,40.25
2014-03-18,30,1,17.5
2014-03-19,360,-1,-10.0
2014-03-21,60,-1,-16.5
2014-03-21,210,-1,26.5
2014-03-24,30,-1,12.75
2014-03-24,300,-1,0.75
2014-03-24,330,-1,-10.0
2014-03-25,30,1,-10.5
2014-03-26,300,-1,-14.0
2014-03-27,30,-1,-22.75
2014-03-28,30,1,-7.75
2014-03-31,30,1,-2.75
2014-04-01,30,1,-5.25
2014-04-01,150,1,-0.75
2014-04-01,240,1,17.5
2014-04-03,180,-1,0.5
2014-04-04,90,-1,61.25
2014-04-08,90,1,-1.5
2014-04-08,180,1,-6.5
2014-04-08,240,1,-9.75
2014-04-08,360,1,-2.25
2014-04-09,300,1,8.25
2014-04-10,30,-1,81.75
2014-04-15,90,-1,-11.75
2014-04-23,30,-1,-6.0
2014-04-25,30,-1,4.75
2014-04-25,240,-1,-1.5
2014-04-25,300,-1,-8.75
2014-04-28,60,1,-13.75
2014-04-28,240,-1,-26.75
2014-05-05,360,1,-0.5
2014-05-06,270,-1,4.75
2014-05-07,30,-1,0.0
2014-05-07,150,-1,1.75
2014-05-07,180,-1,-3.0
2014-05-07,300,-1,-1.25
2014-05-07,330,-1,-1.5
2014-05-07,360,-1,-16.75
2014-05-08,30,1,0.25
2014-05-12,30,1,13.75
2014-05-15,30,-1,6.0
2014-05-15,300,-1,-9.75
2014-05-15,330,-1,5.75
2014-05-15,360,-1,-2.0
2014-05-19,120,1,2.0
2014-05-20,270,-1,-6.25
2014-05-20,330,-1,-10.0
2014-05-21,300,1,6.25
2014-05-30,240,-1,-3.0
2014-06-02,30,-1,-13.5
2014-06-04,180,1,-0.5
2014-06-05,150,1,6.0
2014-06-17,60,1,-9.25
2014-06-18,360,1,2.75
2014-06-19,120,-1,-1.0
2014-06-24,30,1,4.5
2014-06-24,270,1,-4.25
2014-06-24,300,1,-4.25
2014-06-24,330,1,-18.25
2014-06-25,120,1,10.25
2014-06-26,30,-1,-8.0
2014-06-26,90,-1,-2.75
2014-06-26,120,-1,-3.0
2014-06-26,150,-1,2.0
2014-06-26,180,-1,-11.25
2014-06-27,360,1,1.25
2014-06-30,60,1,-6.75
2014-06-30,120,1,-3.5
2014-06-30,180,1,-1.75
2014-06-30,240,1,-6.75
2014-06-30,360,1,-5.75
2014-07-01,30,1,15.5
2014-07-08,30,-1,16.5
2014-07-09,300,1,1.0
2014-07-15,90,-1,-9.0
2014-07-17,120,-1,-10.5
2014-07-17,270,-1,19.0
2014-07-18,90,1,-1.75
2014-07-18,150,1,17.5
2014-07-21,90,-1,-10.75
2014-07-22,60,1,-2.5
2014-07-24,30,-1,-3.5
2014-07-28,30,-1,-15.25
2014-07-31,30,-1,30.25
2014-08-01,30,1,-12.25
2014-08-01,150,-1,-22.75
2014-08-04,270,1,3.5
2014-08-05,270,-1,-11.25
2014-08-06,90,1,-5.75
2014-08-06,150,1,-8.5
2014-08-07,360,-1,-9.5
2014-08-08,240,1,1.5
2014-08-11,30,1,-5.5
2014-08-12,300,-1,-4.5
2014-08-13,60,1,12.5
2014-08-18,90,1,-2.25
2014-08-22,60,1,-14.5
2014-08-27,30,-1,-4.5
2014-09-03,60,-1,14.75
2014-09-04,30,1,-7.0
2014-09-04,120,1,-1.25
2014-09-05,60,-1,-6.25
2014-09-05,300,1,-3.75
2014-09-08,30,1,-16.25
2014-09-09,30,-1,-6.25
2014-09-09,90,-1,-9.75
2014-09-09,150,-1,-7.5
2014-09-09,210,-1,-3.5
2014-09-09,270,1,-27.0
2014-09-09,300,-1,19.0
2014-09-10,150,1,19.0
2014-09-11,240,-1,-12.0
2014-09-12,30,-1,-7.0
2014-09-12,120,-1,6.25
2014-09-16,150,1,13.75
2014-09-17,300,1,0.5
2014-09-19,180,-1,-7.0
2014-09-22,60,-1,3.5
2014-09-30,30,-1,-13.75
2014-10-01,30,-1,28.25
2014-10-02,90,-1,-18.25
2014-10-03,30,1,-1.0
2014-10-03,180,1,-10.75
2014-10-08,270,1,47.5
2014-10-09,150,-1,28.75
2014-10-10,60,-1,-37.5
2014-10-10,240,-1,-10.0
2014-10-10,300,-1,46.75
2014-10-13,60,-1,-25.0
2014-10-15,210,-1,-8.75
2014-10-17,120,1,-21.5
2014-10-20,30,1,36.25
2014-10-21,120,1,0.0
2014-10-21,240,1,24.25
2014-10-23,60,1,5.75
2014-10-27,30,-1,-14.25
2014-10-28,30,1,-2.75
2014-10-28,90,1,-4.5
2014-11-04,90,-1,-8.0
2014-11-04,150,-1,-10.25
2014-11-06,60,-1,-9.5
2014-11-07,30,-1,-3.5
2014-11-10,120,1,-3.5
2014-11-13,30,1,-9.0
2014-11-13,180,1,-19.25
2014-11-17,120,-1,-13.75
2014-11-18,30,1,-5.25
2014-11-18,120,1,11.0
2014-11-19,30,-1,-4.25
2014-11-19,150,-1,-7.0
2014-11-19,180,-1,-5.0
2014-11-19,300,-1,1.0
2014-11-19,330,-1,-2.75
2014-11-19,360,-1,-2.75
2014-11-20,120,1,-1.5
2014-11-24,180,1,-6.25
2014-11-24,240,1,2.75
2014-11-26,210,1,7.5
2014-12-01,30,-1,-4.75
2014-12-01,210,-1,-9.25
2014-12-01,270,-1,10.0
2014-12-02,330,1,-6.25
2014-12-08,180,-1,-0.75
2014-12-10,60,-1,-12.0
2014-12-10,180,-1,-11.25
2014-12-10,270,-1,16.25
2014-12-11,30,1,2.5
2014-12-11,300,1,-19.75
2014-12-11,360,1,-30.75
2014-12-16,120,1,-9.0
2014-12-17,30,1,-18.75
2014-12-17,120,1,45.75
2014-12-18,240,1,1.75
2014-12-19,330,1,-13.25
2015-01-02,90,-1,-9.25
2015-01-05,30,-1,-3.0
2015-01-05,180,-1,7.5
2015-01-06,90,-1,9.75
2015-01-06,330,-1,-15.75
2015-01-07,30,1,-11.5
2015-01-07,90,1,-15.5
2015-01-07,150,1,-16.0
2015-01-08,30,1,23.25
2015-01-09,60,-1,-6.0
2015-01-09,210,-1,-12.75
2015-01-12,30,-1,-24.0
2015-01-12,90,-1,5.5
2015-01-12,120,-1,-4.0
2015-01-12,180,-1,14.5
2015-01-13,30,1,-10.25
2015-01-13,150,1,-21.5
2015-01-15,30,-1,-39.5
2015-01-15,120,-1,20.0
2015-01-21,90,1,-18.25
2015-01-22,330,1,8.75
2015-01-27,30,-1,-6.0
2015-01-29,360,1,-0.25
2015-02-02,30,-1,-16.75
2015-02-06,240,-1,-7.0
2015-02-06,360,-1,-12.75
2015-02-10,180,1,16.25
2015-02-12,240,1,0.0
2015-02-12,330,1,0.0
2015-02-19,60,1,4.0
2015-02-20,30,-1,-7.5
2015-02-20,240,1,13.0
2015-02-24,30,-1,-16.0
2015-02-26,90,1,0.0
2015-02-26,210,1,-13.75
2015-02-27,300,-1,-0.5
2015-03-02,30,1,-6.25
2015-03-02,180,1,-1.5
2015-03-02,210,1,-5.25
2015-03-02,240,1,17.75
2015-03-03,30,-1,-7.25
2015-03-04,30,-1,-9.0
2015-03-04,90,-1,-9.5
2015-03-05,210,-1,-9.75
2015-03-06,120,-1,16.25
2015-03-10,30,-1,29.75
2015-03-11,90,-1,-12.25
2015-03-11,270,-1,-8.75
2015-03-11,360,-1,-0.25
2015-03-12,30,1,7.5
2015-03-13,60,-1,0.25
2015-03-18,300,1,10.5
2015-03-24,90,1,-2.75
2015-03-25,30,-1,75.75
2015-03-27,30,1,-13.0
2015-03-30,30,1,-20.0
2015-03-30,210,1,1.0
2015-03-31,360,-1,1.5
2015-04-01,30,-1,-18.0
2015-04-01,90,-1,-0.5
2015-04-01,120,-1,0.25
2015-04-01,240,-1,-6.0
2015-04-01,270,-1,-6.75
2015-04-06,60,1,4.0
2015-04-07,60,1,-11.75
2015-04-08,30,1,-16.5
2015-04-08,90,1,8.0
2015-04-09,360,1,1.0
2015-04-13,60,1,-6.5
2015-04-14,60,-1,-10.5
2015-04-17,60,-1,2.5
2015-04-20,30,1,12.5
2015-04-23,210,1,-7.5
2015-04-28,30,-1,-7.25
2015-04-28,90,-1,-10.0
2015-04-29,180,-1,-25.25
2015-04-30,60,-1,-21.0
2015-04-30,150,-1,28.5
2015-05-01,60,1,-15.0
2015-05-01,210,1,21.5
2015-05-04,30,1,-13.25
2015-05-05,30,-1,30.0
2015-05-06,30,-1,-10.0
2015-05-06,90,-1,2.0
2015-05-06,120,-1,10.5
2015-05-07,90,1,3.0
2015-05-08,150,1,-8.5
2015-05-12,30,-1,-5.5
2015-05-12,60,-1,-21.5
2015-05-14,150,1,13.75
2015-05-18,150,1,-3.0
2015-05-18,270,1,-5.0
2015-05-18,360,1,-6.25
2015-05-20,30,-1,-13.5
2015-05-21,90,1,-4.5
2015-05-21,330,1,-2.25
2015-05-26,30,-1,10.5
2015-05-27,30,1,37.5
2015-05-28,30,-1,-2.75
2015-05-29,60,-1,-4.0
2015-05-29,300,-1,-6.75
2015-06-04,270,-1,-7.75
2015-06-08,30,-1,24.0
2015-06-09,30,-1,-23.25
2015-06-10,60,1,17.0
2015-06-12,90,-1,-14.25
2015-06-16,180,1,7.5
2015-06-17,330,1,-13.75
2015-06-18,30,1,21.25
2015-06-26,90,-1,-10.0
2015-06-26,150,-1,7.5
2015-06-29,270,-1,30.0
2015-07-07,30,-1,-1.0
2015-07-07,210,-1,-9.75
2015-07-07,240,-1,0.0
2015-07-07,270,-1,6.25
2015-07-07,300,-1,-40.5
2015-07-08,30,-1,-14.5
2015-07-08,120,-1,-7.25
2015-07-08,270,-1,24.25
2015-07-10,330,1,-2.75
2015-07-13,30,1,15.75
2015-07-14,60,1,5.25
2015-07-23,360,-1,-12.5
2015-07-24,240,-1,17.0
2015-07-28,270,1,2.75
2015-07-30,30,-1,-25.25
2015-07-30,180,1,3.25
2015-08-03,60,-1,-9.25
2015-08-03,210,-1,-26.5
2015-08-04,90,-1,-13.75
2015-08-04,180,-1,-14.5
2015-08-05,30,1,-5.25
2015-08-05,180,1,1.0
2015-08-05,210,1,-12.75
2015-08-06,30,-1,44.75
2015-08-07,120,-1,-6.25
2015-08-10,30,1,-7.25
2015-08-10,150,1,-3.0
2015-08-10,270,1,-1.5
2015-08-11,120,-1,9.0
2015-08-12,30,-1,-5.5
2015-08-12,150,-1,-20.0
2015-08-17,180,1,15.25
2015-08-19,30,-1,-11.25
2015-08-19,90,-1,-1.0
2015-08-20,60,-1,36.75
2015-08-21,90,-1,101.75
2015-08-26,360,1,30.0
2015-08-27,210,1,-9.0
2015-09-10,90,1,-13.0
2015-09-10,210,1,-8.0
2015-09-15,90,1,8.0
2015-09-17,270,1,-8.5
2015-09-17,330,1,-48.25
2015-09-21,210,-1,-22.75
2015-09-22,210,-1,-8.25
2015-09-24,30,-1,8.0
2015-09-25,330,-1,0.75
2015-09-28,30,-1,67.0
2015-09-29,60,1,-22.0
2015-09-29,360,-1,-21.0
2015-09-30,30,1,-2.25
2015-10-01,30,-1,-26.75
2015-10-01,90,-1,-13.5
2015-10-01,150,-1,-30.5
2015-10-02,240,1,-15.25
2015-10-02,300,1,-11.0
2015-10-02,360,1,10.25
2015-10-05,270,1,0.75
2015-10-06,150,-1,-20.0
2015-10-07,120,-1,-25.0
2015-10-08,180,-1,-9.5
2015-10-14,30,1,-32.5
2015-10-15,30,1,-10.25
2015-10-15,270,1,20.5
2015-10-19,150,1,-12.25
2015-10-20,240,-1,-8.0
2015-10-21,240,-1,-7.75
2015-10-22,30,1,29.5
2015-10-26,30,-1,-9.5
2015-10-28,300,-1,-14.0
2015-11-02,60,1,23.25
2015-11-03,270,1,-2.25
2015-11-04,90,-1,-5.25
2015-11-05,30,1,-45.0
2015-11-05,60,-1,-18.75
2015-11-05,300,-1,-4.75
2015-11-06,30,-1,-5.5
2015-11-09,30,-1,21.0
2015-11-13,30,-1,58.5
2015-11-16,210,1,44.25
2015-11-17,120,1,-10.75
2015-11-18,30,1,0.75
2015-11-18,120,1,43.0
2015-11-23,300,-1,-6.5
2015-11-24,90,-1,-28.25
2015-11-30,150,-1,-5.25
2015-12-01,30,1,-23.0
2015-12-01,90,1,-4.75
2015-12-01,180,1,-2.25
2015-12-02,30,1,-6.75
2015-12-02,300,-1,-0.5
2015-12-03,60,-1,-20.5
2015-12-03,150,-1,61.75
2015-12-04,30,1,58.5
2015-12-07,30,-1,4.0
2015-12-07,330,-1,-13.75
2015-12-09,150,-1,25.25
2015-12-11,30,-1,-22.75
2015-12-11,120,-1,1.75
2015-12-11,360,-1,0.75
2015-12-15,30,1,-7.25
2015-12-17,90,-1,-0.5
2015-12-17,330,-1,27.25
2015-12-18,180,-1,-8.75
2015-12-18,360,-1,15.75
2015-12-28,60,-1,6.0
2015-12-29,30,1,23.75
2015-12-30,30,-1,-5.0
2015-12-31,60,-1,-10.0
2015-12-31,300,-1,-3.5
2015-12-31,360,-1,10.5
2016-01-04,30,-1,-5.25
2016-01-04,270,-1,-6.5
2016-01-04,330,-1,-38.0
2016-01-05,180,-1,-4.25
2016-01-07,270,-1,13.25
2016-01-08,30,1,-14.25
2016-01-11,240,-1,-22.0
2016-01-12,30,1,-14.75
2016-01-13,150,-1,111.75
2016-01-14,30,-1,-65.0
2016-01-14,90,1,-8.25
2016-01-14,150,1,25.5
2016-01-15,180,-1,-19.5
2016-01-20,30,-1,-1.5
2016-01-20,240,-1,-48.25
2016-01-21,150,1,-23.25
2016-01-27,60,-1,-27.75
2016-01-27,330,-1,9.25
2016-01-29,30,1,52.25
2016-02-02,150,-1,40.75
2016-02-03,60,-1,-44.25
2016-02-03,150,-1,-13.0
2016-02-05,30,-1,91.25
2016-02-08,120,-1,-20.0
2016-02-08,240,-1,-23.25
2016-02-10,60,1,-30.25
2016-02-10,210,1,-17.0
2016-02-17,90,1,25.25
2016-02-29,150,1,-7.0
2016-03-01,60,1,60.5
2016-03-03,120,-1,-11.5
2016-03-04,30,-1,-7.0
2016-03-07,30,-1,-3.25
2016-03-10,30,1,-17.25
2016-03-10,120,-1,-11.0
2016-03-10,180,-1,-15.75
2016-03-16,300,1,8.25
2016-03-17,30,-1,-9.25
2016-03-22,240,1,-2.5
2016-03-22,300,1,-9.5
2016-03-23,90,-1,-4.5
2016-03-23,330,-1,-0.5
2016-03-29,90,1,54.25
2016-03-30,30,1,-26.75
2016-04-01,90,1,-5.5
2016-04-01,210,1,22.75
2016-04-04,90,-1,-6.5
2016-04-06,90,1,40.0
2016-04-07,60,-1,18.0
2016-04-11,60,1,-21.75
2016-04-12,120,1,-9.5
2016-04-12,300,1,5.75
2016-04-13,30,1,-8.75
2016-04-18,60,1,-12.75
2016-04-19,30,-1,-12.25
2016-04-19,120,-1,3.75
2016-04-21,30,-1,-10.0
2016-04-22,60,-1,-4.75
2016-04-26,60,-1,2.25
2016-04-26,270,-1,-2.5
2016-04-27,60,-1,-16.75
2016-04-27,270,-1,-19.25
2016-04-28,30,1,-6.0
2016-04-28,90,1,-16.25
2016-04-28,330,-1,32.5
2016-04-29,30,-1,-5.0
2016-04-29,240,-1,1.75
2016-05-02,300,1,7.75
2016-05-09,30,1,-11.5
2016-05-09,150,1,3.0
2016-05-10,90,1,22.0
2016-05-11,300,-1,11.25
2016-05-12,30,-1,-1.5
2016-05-13,120,1,-9.0
2016-05-13,180,1,-16.25
2016-05-16,30,1,29.5
2016-05-17,30,-1,-1.25
2016-05-17,180,-1,31.25
2016-05-18,60,1,-11.5
2016-05-19,30,-1,-4.75
2016-05-20,30,1,-0.5
2016-05-20,330,1,-6.25
2016-05-20,360,1,2.75
2016-05-24,30,1,38.25
2016-06-02,30,-1,-13.75
2016-06-03,30,-1,-5.75
2016-06-03,90,-1,-1.0
2016-06-03,120,-1,-13.5
2016-06-10,270,-1,-5.25
2016-06-14,90,-1,-19.5
2016-06-16,30,-1,-12.25
2016-06-16,150,-1,-26.25
2016-06-16,360,1,-1.5
2016-06-17,30,-1,3.75
2016-06-17,270,-1,6.75
2016-06-20,60,1,-8.5
2016-06-20,180,1,-2.0
2016-06-20,210,1,-9.25
2016-06-21,180,1,-12.25
2016-06-22,90,1,-18.25
2016-06-23,150,1,-7.5
2016-06-23,330,1,-6.25
2016-06-24,300,-1,-6.25
2016-06-24,360,-1,-7.25
2016-06-27,30,-1,15.75
2016-06-27,180,-1,13.0
2016-06-28,30,1,-22.75
2016-06-28,150,1,-6.5
2016-06-28,180,1,-3.75
2016-06-28,240,1,0.75
2016-06-28,270,1,-1.25
2016-06-28,300,1,30.25
2016-06-29,60,1,-5.0
2016-06-29,120,1,10.25
2016-06-30,120,1,21.25
2016-07-01,30,1,-6.25
2016-07-01,180,1,-7.75
2016-07-01,270,1,-4.25
2016-07-05,240,-1,-4.5
2016-07-06,180,1,-5.25
2016-07-08,60,1,20.75
2016-07-11,210,1,-7.25
2016-07-18,60,1,2.5
2016-07-20,60,1,13.25
2016-07-22,180,1,-6.0
2016-07-26,30,1,-35.75
2016-08-01,60,1,-13.0
2016-08-01,210,1,5.0
2016-08-02,30,-1,16.25
2016-08-02,330,-1,-1.5
2016-08-02,360,-1,-3.0
2016-08-05,30,1,-3.75
2016-08-08,60,-1,-5.25
2016-08-08,300,-1,-8.5
2016-08-09,30,1,2.5
2016-08-10,120,-1,-11.75
2016-08-10,300,-1,-8.5
2016-08-15,30,1,0.5
2016-08-16,30,-1,-0.75
2016-08-16,300,-1,-7.0
2016-08-17,30,-1,-0.75
2016-08-17,120,-1,-18.25
2016-08-24,300,-1,4.0
2016-08-26,60,1,-39.5
2016-08-26,180,-1,-12.0
2016-08-26,270,-1,-4.75
2016-08-29,30,1,-1.5
2016-08-29,150,1,-7.0
2016-08-30,90,-1,-2.25
2016-08-30,150,-1,-4.25
2016-08-30,210,-1,-6.5
2016-08-31,180,-1,-9.25
2016-09-01,60,-1,-10.0
2016-09-01,150,-1,-20.25
2016-09-01,210,1,-3.75
2016-09-01,330,1,-11.0
2016-09-02,30,1,-6.0
2016-09-06,30,1,-14.75
2016-09-06,150,1,5.25
2016-09-07,180,-1,-6.5
2016-09-08,30,-1,-6.5
2016-09-08,60,-1,-6.5
2016-09-08,180,-1,-1.75
2016-09-09,90,-1,68.0
2016-09-13,30,-1,-4.25
2016-09-13,270,-1,-9.25
2016-09-14,30,1,5.25
2016-09-14,270,1,-7.0
2016-09-14,330,1,-21.25
2016-09-15,30,1,57.75
2016-09-19,30,1,-12.25
2016-09-26,30,-1,-11.5
2016-09-27,30,1,-11.75
2016-09-27,90,1,27.75
2016-09-29,210,-1,-19.5
2016-09-29,270,-1,-25.0
2016-09-30,120,1,-7.5
2016-10-04,330,-1,-14.5
2016-10-05,60,1,-9.5
2016-10-06,60,-1,-4.25
2016-10-07,30,-1,-7.0
2016-10-07,90,-1,-5.0
2016-10-07,150,-1,-8.0
2016-10-10,30,1,-1.75
2016-10-11,30,-1,40.75
2016-10-13,30,-1,-24.0
2016-10-14,30,1,-22.75
2016-10-17,30,-1,-23.0
2016-10-20,60,-1,-11.0
2016-10-21,150,1,-6.75
2016-10-24,30,1,11.0
2016-10-25,150,-1,-4.75
2016-10-25,330,-1,-4.25
2016-10-27,360,-1,-5.5
2016-10-28,270,-1,-9.0
2016-11-01,60,-1,-6.25
2016-11-01,120,-1,18.5
2016-11-02,180,-1,21.25
2016-11-03,180,-1,17.5
2016-11-04,120,1,-3.25
2016-11-04,180,1,-5.25
2016-11-07,30,1,28.75
2016-11-08,120,1,13.5
2016-11-10,60,-1,-28.75
2016-11-10,240,-1,-13.0
2016-11-10,270,-1,2.0
2016-11-10,300,-1,-0.25
2016-11-10,330,-1,11.25
2016-11-10,360,-1,7.25
2016-11-11,30,-1,-9.0
2016-11-14,30,-1,-8.5
2016-11-14,270,-1,-15.0
2016-11-14,330,-1,-1.0
2016-11-14,360,-1,12.75
2016-11-15,30,1,2.25
2016-11-15,330,1,-14.0
2016-11-21,30,1,-18.5
2016-11-29,270,1,-3.25
2016-11-30,60,-1,-4.25
2016-11-30,150,-1,14.75
2016-12-01,30,-1,49.75
2016-12-05,60,1,1.75
2016-12-07,240,1,33.0
2016-12-09,30,1,-4.0
2016-12-15,30,1,-8.5
2016-12-15,120,1,-9.25
2016-12-16,120,-1,-15.75
2016-12-19,30,1,6.5
2016-12-19,180,1,-6.5
2016-12-22,120,-1,-6.25
2016-12-22,300,-1,-5.75
2016-12-27,30,1,-19.0
2016-12-27,150,1,-3.25
2016-12-27,180,1,0.0
2016-12-27,210,1,1.25
2016-12-27,240,1,-3.5
2016-12-27,270,1,-0.5
2016-12-27,300,1,-4.0
2016-12-27,330,1,-2.5
2016-12-27,360,1,-7.0
2016-12-28,30,-1,-9.25
2016-12-28,150,-1,14.0
2016-12-30,30,-1,16.0
2017-01-03,60,1,-28.25
2017-01-04,150,1,-5.25
2017-01-04,300,1,-8.25
2017-01-05,30,1,-11.0
2017-01-05,330,1,3.75
2017-01-06,90,1,15.5
2017-01-10,150,1,-4.0
2017-01-12,60,-1,-6.0
2017-01-13,120,1,-8.25
2017-01-19,30,1,-15.75
2017-01-24,240,1,7.75
2017-01-25,240,1,-2.0
2017-01-30,30,-1,-9.25
2017-01-30,150,-1,1.75
2017-01-30,180,-1,-1.0
2017-01-30,240,-1,-8.5
2017-01-30,300,-1,-0.5
2017-01-30,330,-1,1.75
2017-01-30,360,-1,-10.25
2017-01-31,90,-1,-2.75
2017-01-31,270,-1,-17.5
2017-02-03,60,1,-3.75
2017-02-07,60,1,-4.25
2017-02-07,270,1,-7.75
2017-02-08,270,1,-2.75
2017-02-09,60,1,-1.75
2017-02-09,120,1,-9.25
2017-02-10,210,1,-0.25
2017-02-10,300,1,-4.25
2017-02-13,180,1,1.0
2017-02-14,240,1,-1.25
2017-02-15,120,1,12.5
2017-02-17,330,1,8.5
2017-02-21,30,1,-7.0
2017-02-21,360,1,1.0
2017-02-23,30,-1,9.25
2017-02-23,330,-1,1.0
2017-02-28,30,-1,0.25
2017-02-28,180,-1,-14.25
2017-02-28,300,-1,-6.0
2017-03-01,120,1,10.0
2017-03-02,60,-1,14.75
2017-03-03,60,-1,-4.5
2017-03-06,60,-1,-5.25
2017-03-07,60,1,-3.75
2017-03-08,30,1,-10.5
2017-03-08,210,1,-9.75
2017-03-09,300,-1,-9.5
2017-03-14,30,-1,-3.25
2017-03-15,300,1,4.5
2017-03-16,120,-1,-5.25
2017-03-16,330,-1,-6.75
2017-03-20,60,1,-11.0
2017-03-21,90,-1,57.25
2017-03-22,90,1,15.75
2017-03-24,30,1,-7.25
2017-03-28,150,1,11.75
2017-03-29,30,1,1.75
2017-03-29,360,1,-2.25
2017-03-30,30,1,-4.25
2017-04-03,30,1,-5.25
2017-04-03,150,-1,-11.5
2017-04-05,30,1,4.25
2017-04-05,150,1,-19.5
2017-04-07,30,-1,-12.25
2017-04-10,30,1,-8.75
2017-04-11,30,-1,-3.0
2017-04-11,180,-1,-5.25
2017-04-11,210,-1,-4.5
2017-04-11,270,-1,-1.0
2017-04-11,300,-1,-2.0
2017-04-11,330,-1,5.75
2017-04-11,360,-1,-14.0
2017-04-12,150,-1,-14.75
2017-04-12,330,-1,-1.5
2017-04-13,30,1,2.0
2017-04-17,60,1,-2.0
2017-04-17,120,1,-6.75
2017-04-17,360,1,1.25
2017-04-19,30,1,-7.5
2017-04-19,120,1,-4.75
2017-04-20,150,1,4.0
2017-04-25,120,1,7.0
2017-04-27,210,1,-5.25
2017-05-01,90,1,9.0
2017-05-03,30,-1,-3.0
2017-05-03,90,-1,-10.5
2017-05-03,270,-1,-3.0
2017-05-04,30,-1,-13.5
2017-05-09,30,1,-8.25
2017-05-09,150,1,-0.5
2017-05-09,210,1,-8.75
2017-05-10,30,-1,-9.25
2017-05-11,30,-1,-5.25
2017-05-11,150,-1,-7.25
2017-05-11,210,-1,-8.75
2017-05-12,270,1,-4.5
2017-05-15,30,1,-5.75
2017-05-15,240,1,-5.0
2017-05-15,330,1,3.25
2017-05-17,30,-1,79.5
2017-05-18,30,1,-4.5
2017-05-18,150,1,5.25
2017-05-18,240,1,14.75
2017-05-19,30,1,-9.5
2017-05-22,30,1,-3.75
2017-05-22,120,1,11.0
2017-05-25,120,1,0.0
2017-05-31,30,-1,-18.5
2017-06-02,150,1,18.25
2017-06-08,60,-1,-15.5
2017-06-09,150,-1,122.0
2017-06-14,330,-1,-15.0
2017-06-15,60,-1,-24.25
2017-06-16,30,-1,2.25
2017-06-16,150,-1,-3.5
2017-06-16,180,-1,0.75
2017-06-16,210,-1,2.5
2017-06-16,240,-1,-7.75
2017-06-19,30,1,9.0
2017-06-19,360,1,9.25
2017-06-20,30,-1,-9.75
2017-06-20,120,-1,-3.5
2017-06-20,300,-1,-10.5
2017-06-21,90,1,21.25
2017-06-22,30,-1,-9.75
2017-06-23,150,1,6.5
2017-06-26,120,-1,-16.5
2017-06-27,210,-1,50.0
2017-06-28,90,1,29.5
2017-06-29,30,-1,38.5
2017-07-06,60,-1,-13.0
2017-07-07,30,1,-8.0
2017-07-07,120,1,5.0
2017-07-10,90,1,-5.0
2017-07-10,180,1,-0.5
2017-07-10,270,1,-7.75
2017-07-11,60,1,-7.25
2017-07-13,30,1,-25.75
2017-07-18,330,1,4.25
2017-07-24,360,1,-2.75
2017-07-27,210,-1,-1.25
2017-07-31,60,-1,-3.75
2017-08-02,60,-1,3.5
2017-08-03,30,-1,-6.0
2017-08-03,120,-1,-9.0
2017-08-03,240,-1,-10.25
2017-08-07,120,1,-4.5
2017-08-08,150,1,-11.75
2017-08-10,30,-1,66.5
2017-08-11,30,1,-1.5
2017-08-11,150,1,12.5
2017-08-14,30,1,7.0
2017-08-17,30,-1,79.5
2017-08-18,30,-1,-22.25
2017-08-21,60,-1,-14.25
2017-08-22,30,1,33.5
2017-08-24,30,-1,-4.75
2017-08-24,120,-1,-24.0
2017-08-29,330,1,-4.75
2017-08-30,30,1,42.5
2017-08-31,60,1,-9.5
2017-08-31,150,1,12.75
2017-09-05,180,-1,-30.5
2017-09-05,360,-1,1.5
2017-09-08,180,-1,-2.5
2017-09-08,270,-1,11.75
2017-09-15,90,1,-18.5
2017-09-20,90,-1,-20.75
2017-09-20,240,-1,3.0
2017-09-20,360,-1,-12.25
2017-09-21,30,-1,-11.0
2017-09-21,120,-1,-0.75
2017-09-21,150,-1,-6.5
2017-09-21,180,-1,-1.75
2017-09-21,210,-1,-8.5
2017-09-21,300,-1,-1.25
2017-09-21,330,-1,-2.0
2017-09-21,360,-1,12.25
2017-09-25,30,-1,23.75
2017-09-27,270,1,7.0
2017-09-29,120,1,10.25
2017-10-02,60,1,-3.5
2017-10-02,150,-1,-14.5
2017-10-05,180,1,11.5
2017-10-16,30,1,-11.75
2017-10-18,30,-1,-3.75
2017-10-19,30,-1,-9.5
2017-10-19,60,-1,-11.75
2017-10-23,60,-1,-8.5
2017-10-23,270,-1,21.75
2017-10-25,90,-1,12.5
2017-10-25,270,-1,-7.5
2017-10-25,300,-1,4.25
2017-10-25,330,-1,-11.25
2017-10-26,90,1,-20.0
2017-10-27,30,1,58.25
2017-10-30,30,1,-12.0
2017-11-02,60,-1,-6.25
2017-11-02,180,-1,-4.75
2017-11-02,240,-1,-15.0
2017-11-03,240,1,12.0
2017-11-06,30,1,-3.75
2017-11-06,330,1,-2.0
2017-11-08,210,1,-1.0
2017-11-08,270,1,4.5
2017-11-09,180,-1,-27.5
2017-11-14,30,-1,-6.0
2017-11-14,210,-1,-8.25
2017-11-15,30,-1,-19.0
2017-11-16,30,1,29.0
2017-11-17,330,-1,4.25
2017-11-21,30,1,7.5
2017-11-29,30,-1,56.5
2017-11-30,180,1,-16.0
2017-12-01,120,-1,-32.5
2017-12-04,90,-1,-33.5
2017-12-04,300,-1,28.25
2017-12-05,30,1,-8.25
2017-12-05,210,1,-16.0
2017-12-06,30,1,-9.5
2017-12-06,330,1,-7.5
2017-12-07,90,1,-6.5
2017-12-07,150,1,-5.0
2017-12-07,210,1,-12.25
2017-12-15,150,1,14.25
2017-12-19,180,-1,-11.5
2017-12-19,330,-1,-9.0
2017-12-20,30,-1,0.25
2017-12-26,30,-1,-12.5
2017-12-29,30,-1,-3.0
2017-12-29,90,-1,17.0
2018-01-02,30,1,38.5
2018-01-03,30,1,19.75
2018-01-05,150,1,-3.25
2018-01-05,360,1,7.75
2018-01-08,60,1,-2.0
2018-01-08,120,1,-4.0
2018-01-08,270,1,-1.75
2018-01-10,30,-1,-11.75
2018-01-11,210,1,-4.25
2018-01-11,360,1,8.75
2018-01-12,60,1,24.25
2018-01-16,30,1,-10.75
2018-01-16,60,1,-22.0
2018-01-17,240,1,-6.0
2018-01-17,300,1,6.75
2018-01-22,60,1,40.5
2018-01-23,60,1,-2.75
2018-01-23,180,1,-8.5
2018-01-23,270,1,-14.5
2018-01-23,360,1,-0.75
2018-01-24,120,-1,-3.5
2018-01-24,360,-1,0.25
2018-01-26,90,1,-8.0
2018-01-26,270,1,-8.75
2018-01-26,330,1,27.25
2018-01-29,90,-1,-9.5
2018-02-02,30,-1,-16.25
2018-02-02,90,-1,-4.25
2018-02-02,180,-1,87.75
2018-02-05,60,1,-37.75
2018-02-05,330,-1,119.5
2018-02-06,30,1,-90.5
2018-02-06,180,1,-59.25
2018-02-06,330,1,60.75
2018-02-08,60,-1,246.25
2018-02-09,180,-1,-96.0
2018-02-12,270,1,-16.5
2018-02-14,60,1,65.25
2018-02-20,120,1,5.25
2018-02-20,270,1,-22.5
2018-03-01,30,-1,-49.25
2018-03-01,210,-1,34.75
2018-03-05,150,1,11.0
2018-03-09,90,1,51.0
2018-03-13,150,-1,-7.25
2018-03-13,270,-1,34.75
2018-03-16,60,1,-5.75
2018-03-19,60,-1,63.0
2018-03-20,30,1,9.25
2018-03-22,120,-1,-30.75
2018-03-23,150,-1,-38.5
2018-03-23,300,-1,118.75
2018-03-26,30,1,-48.25
2018-03-26,300,1,56.5
2018-03-27,180,-1,-12.75
2018-03-27,240,-1,186.75
2018-03-28,90,-1,-24.75
2018-03-28,210,-1,-26.25
2018-03-29,90,1,-28.5
2018-03-29,150,1,38.5
2018-04-02,30,-1,97.5
2018-04-04,330,1,30.5
2018-04-06,270,-1,10.25
2018-04-06,330,-1,-2.25
2018-04-09,30,1,30.0
2018-04-12,30,1,-9.75
2018-04-17,90,1,24.0
2018-04-20,30,-1,-8.75
2018-04-20,90,-1,34.25
2018-04-24,60,-1,108.5
2018-04-25,30,-1,-33.0
2018-04-25,60,-1,-38.75
2018-04-26,60,1,-3.5
2018-04-26,240,1,2.5
2018-04-26,330,1,-14.0
2018-05-03,90,-1,-36.0
2018-05-04,60,1,68.0
2018-05-07,30,1,3.25
2018-05-15,30,-1,-17.25
2018-05-15,150,-1,-1.5
2018-05-15,270,-1,-22.75
2018-05-16,30,1,-1.75
2018-05-16,180,1,-9.5
2018-05-21,30,1,-10.25
2018-05-23,330,1,20.75
2018-05-24,30,-1,-22.25
2018-05-25,60,1,-6.75
2018-05-25,150,1,-5.5
2018-05-29,150,-1,-11.0
2018-05-30,150,1,-14.0
2018-05-30,240,1,-2.5
2018-05-30,330,1,-9.5
2018-05-31,150,1,-15.25
2018-06-01,30,1,49.5
2018-06-04,180,1,1.75
2018-06-07,60,-1,4.0
2018-06-07,360,-1,3.75
2018-06-12,270,1,-28.75
2018-06-13,60,1,-4.5
2018-06-13,120,1,-11.0
2018-06-14,30,1,-9.25
2018-06-14,120,1,-9.0
2018-06-14,330,1,17.5
2018-06-15,30,-1,-3.75
2018-06-20,30,1,-18.5
2018-06-20,150,1,-10.5
2018-06-21,60,-1,-17.0
2018-06-21,120,-1,-7.0
2018-06-21,180,-1,18.0
2018-06-22,30,-1,-5.5
2018-06-25,30,-1,64.25
2018-06-26,30,1,-24.75
2018-06-27,240,-1,52.0
2018-06-28,30,1,-25.25
2018-06-28,90,1,-26.5
2018-06-28,300,1,1.75
2018-06-29,30,1,-13.75
2018-06-29,90,1,-11.5
2018-07-06,30,1,63.0
2018-07-12,30,1,61.0
2018-07-17,180,1,2.25
2018-07-17,360,1,-6.25
2018-07-18,60,-1,-3.0
2018-07-25,120,1,75.25
2018-07-27,90,-1,74.0
2018-07-30,30,-1,19.5
2018-07-31,150,1,-6.0
2018-08-01,60,1,-16.5
2018-08-02,120,1,56.75
2018-08-13,30,1,-28.5
2018-08-15,30,-1,13.75
2018-08-15,330,-1,-9.0
2018-08-17,60,-1,-19.0
2018-08-20,30,-1,1.25
2018-08-20,90,-1,-15.25
2018-08-20,150,-1,-16.75
2018-08-21,30,1,0.5
2018-08-21,150,1,-11.75
2018-08-22,120,1,-9.75
2018-08-22,360,1,-5.0
2018-08-23,30,1,-11.0
2018-08-24,90,1,7.0
2018-08-27,60,1,6.5
2018-08-29,30,1,56.5
2018-08-30,240,1,-5.5
2018-09-04,30,-1,-5.5
2018-09-04,180,-1,-15.25
2018-09-05,30,-1,3.5
2018-09-05,180,-1,0.25
2018-09-05,240,-1,3.25
2018-09-05,270,-1,19.5
2018-09-06,60,-1,4.25
2018-09-06,360,-1,6.75
2018-09-11,150,1,-28.0
2018-09-11,270,1,11.0
2018-09-12,30,-1,-13.75
2018-09-12,150,-1,-22.75
2018-09-13,150,1,-8.5
2018-09-18,30,1,4.0
2018-09-19,60,-1,-14.25
2018-09-26,120,1,-4.25
2018-09-26,300,1,-18.5
2018-09-26,360,1,-53.0
2018-09-27,30,1,2.0
2018-10-02,150,1,-10.75
2018-10-04,30,-1,67.5
2018-10-05,30,-1,-9.75
2018-10-05,90,-1,39.75
2018-10-08,150,-1,-44.75
2018-10-09,30,1,-12.5
2018-10-10,30,-1,194.75
2018-10-11,30,1,-41.0
2018-10-11,330,-1,-74.75
2018-10-15,30,-1,-15.75
2018-10-15,150,-1,-24.0
2018-10-16,120,1,69.25
2018-10-17,30,-1,-14.0
2018-10-17,90,-1,-30.75
2018-10-18,30,-1,-25.0
2018-10-18,120,-1,49.25
2018-10-19,60,1,-33.25
2018-10-23,60,-1,-42.5
2018-10-24,30,-1,274.25
2018-10-25,30,1,71.5
2018-10-29,180,-1,-35.0
2018-10-29,300,-1,32.5
2018-10-30,30,1,-72.25
2018-10-31,30,1,-19.0
2018-10-31,210,1,19.75
2018-11-01,240,1,-15.0
2018-11-02,60,-1,18.0
2018-11-05,30,-1,-1.25
2018-11-05,90,-1,5.75
2018-11-06,30,1,-36.5
2018-11-07,60,1,76.0
2018-11-09,150,-1,-8.0
2018-11-12,30,-1,80.75
2018-11-15,240,1,31.75
2018-11-19,30,-1,136.25
2018-11-26,30,1,-12.25
2018-11-28,180,1,71.25
2018-12-04,180,-1,74.5
2018-12-07,60,-1,148.75
2018-12-12,120,1,-1.0
2018-12-18,30,1,-2.25
2018-12-19,30,1,-27.0
2018-12-19,120,1,4.5
2018-12-19,330,-1,24.75
2018-12-20,30,1,-22.0
2018-12-20,120,-1,-11.5
2018-12-20,210,-1,-2.0
2018-12-21,150,-1,110.0
2018-12-26,90,-1,-74.25
2018-12-26,270,1,125.75
2018-12-27,30,-1,-8.5
2018-12-27,180,-1,-20.5
2018-12-27,240,-1,-30.25
2018-12-28,60,-1,3.0
2019-01-03,30,-1,-19.0
2019-01-03,240,-1,-24.0
2019-01-03,330,-1,15.25
2019-01-04,30,1,120.75
2019-01-07,150,1,1.25
2019-01-15,30,1,-30.5
2019-01-15,60,1,7.0
2019-01-15,360,1,11.75
2019-01-16,30,1,-14.5
2019-01-22,150,-1,16.25
2019-01-28,30,-1,-24.25
2019-01-29,90,-1,-15.5
2019-01-30,270,1,45.75
2019-01-31,30,1,16.75
2019-01-31,360,1,12.75
2019-02-04,60,1,43.5
2019-02-05,30,1,-3.25
2019-02-05,300,1,2.75
2019-02-05,360,1,-9.25
2019-02-06,60,-1,-27.75
2019-02-07,120,-1,-25.75
2019-02-12,30,1,31.75
2019-02-21,30,-1,-3.75
2019-02-22,90,1,2.25
2019-02-27,60,-1,-14.0
2019-03-04,150,-1,-30.75
2019-03-06,60,-1,16.0
2019-03-07,30,-1,-13.5
2019-03-07,120,-1,-3.25
2019-03-07,150,-1,-4.5
2019-03-07,240,-1,28.5
2019-03-12,150,1,-4.5
2019-03-12,270,1,-13.75
2019-03-13,120,1,-15.0
2019-03-13,210,1,-6.0
2019-03-15,30,1,7.75
2019-03-18,30,1,-32.25
2019-03-20,300,1,-31.75
2019-03-21,30,1,86.5
2019-03-22,30,-1,-21.25
2019-03-22,90,-1,84.0
2019-03-25,30,-1,-9.25
2019-03-26,30,1,-18.5
2019-03-27,120,-1,-32.25
2019-03-27,330,-1,-21.5
2019-04-03,90,1,-4.25
2019-04-04,60,-1,-15.0
2019-04-08,30,-1,-14.5
2019-04-11,270,-1,-8.5
2019-04-15,60,-1,-21.5
2019-04-18,30,-1,-3.0
2019-04-22,300,1,-3.5
2019-04-23,30,1,49.5
2019-04-26,30,-1,-22.0
2019-04-26,60,-1,-5.25
2019-04-26,90,-1,-18.25
2019-04-29,300,1,-6.75
2019-04-30,90,-1,-7.0
2019-05-02,30,1,-2.0
2019-05-02,120,-1,-0.25
2019-05-03,90,1,21.25
2019-05-07,90,-1,0.0
2019-05-09,30,-1,-11.5
2019-05-10,30,-1,31.5
2019-05-10,180,-1,-18.75
2019-05-10,210,-1,-25.25
2019-05-13,30,-1,-2.25
2019-05-13,120,-1,-7.75
2019-05-13,300,-1,-16.25
2019-05-13,360,-1,-2.25
2019-05-14,60,1,-2.75
2019-05-14,120,1,-15.75
2019-05-15,60,1,41.25
2019-05-16,30,1,16.25
2019-05-16,270,1,-9.25
2019-05-16,360,1,2.75
2019-05-23,180,-1,-6.75
2019-05-23,270,-1,-35.25
2019-06-03,30,-1,-23.75
2019-06-03,150,-1,81.5
2019-06-04,60,1,81.0
2019-06-06,360,1,-1.25
2019-06-07,30,1,41.5
2019-06-10,30,1,11.75
2019-06-10,270,1,-6.25
2019-06-10,300,1,8.5
2019-06-10,330,1,-15.75
2019-06-13,30,1,-9.75
2019-06-17,30,1,-6.25
2019-06-17,270,1,-6.25
2019-06-18,30,1,-17.5
2019-06-25,90,-1,59.75
2019-06-26,30,1,-11.0
2019-07-05,240,1,4.5
2019-07-08,30,-1,-21.0
2019-07-08,150,-1,-8.75
2019-07-09,180,1,-2.75
2019-07-09,270,1,-11.25
2019-07-10,30,1,-28.25
2019-07-10,240,1,-19.75
2019-07-12,210,1,-8.0
2019-07-16,180,-1,-20.0
2019-07-16,270,-1,-6.75
2019-07-18,150,-1,-17.75
2019-07-19,300,-1,31.75
2019-07-22,30,1,4.5
2019-07-24,330,1,14.5
2019-07-25,30,-1,-17.25
2019-07-25,120,-1,15.0
2019-07-26,150,1,-2.0
2019-07-26,240,1,-0.75
2019-07-26,360,1,-11.75
2019-07-29,30,-1,-12.25
2019-07-29,120,-1,-7.0
2019-07-29,150,-1,1.0
2019-07-29,180,-1,-14.75
2019-07-31,330,-1,-3.75
2019-08-01,30,1,6.0
2019-08-01,240,1,-70.0
2019-08-01,300,-1,-14.0
2019-08-02,60,-1,-9.5
2019-08-02,180,-1,-4.5
2019-08-02,360,-1,-0.5
2019-08-05,30,-1,86.75
2019-08-06,30,1,-37.75
2019-08-08,60,1,88.0
2019-08-09,60,-1,-11.75
2019-08-09,120,-1,-35.0
2019-08-13,30,1,-51.5
2019-08-13,120,1,31.75
2019-08-14,120,-1,49.5
2019-08-16,90,1,-26.5
2019-08-16,240,1,-12.5
2019-08-22,90,-1,-33.75
2019-08-23,120,-1,96.75
2019-08-29,30,1,-9.25
2019-09-05,30,1,-2.25
2019-09-05,180,1,1.75
2019-09-05,240,1,-2.25
2019-09-05,300,1,10.75
2019-09-09,300,-1,-23.0
2019-09-10,30,-1,-17.0
2019-09-10,90,-1,-20.0
2019-09-11,30,1,15.75
2019-09-11,360,1,12.0
2019-09-12,60,1,-36.25
2019-09-18,240,-1,-25.25
2019-09-18,300,-1,-54.75
2019-09-19,30,1,-7.75
2019-09-19,150,1,-26.0
2019-09-20,150,-1,58.25
2019-09-24,150,-1,55.5
2019-09-25,30,-1,-36.25
2019-09-25,180,1,-3.5
2019-09-25,270,1,40.0
2019-09-26,30,-1,-0.75
2019-09-26,60,-1,5.25
2019-09-26,180,-1,-11.0
2019-09-27,30,-1,-22.5
2019-09-27,150,-1,53.0
2019-09-30,90,1,18.0
2019-10-01,30,1,-44.0
2019-10-01,90,-1,-15.75
2019-10-01,150,-1,2.25
2019-10-01,360,-1,15.0
2019-10-02,30,-1,28.25
2019-10-03,30,-1,-27.0
2019-10-03,60,-1,-21.5
2019-10-03,120,1,-12.5
2019-10-03,180,1,36.0
2019-10-04,30,1,-21.75
2019-10-04,90,1,17.5
2019-10-04,300,1,13.5
2019-10-08,30,-1,-22.0
2019-10-08,120,-1,-8.5
2019-10-10,30,1,-8.25
2019-10-11,30,1,5.0
2019-10-11,300,1,-55.0
2019-10-15,60,1,30.25
2019-10-18,150,-1,-23.25
2019-10-18,330,-1,-8.5
2019-10-25,90,1,25.0
2019-10-28,60,1,0.75
2019-10-28,180,1,-8.75
2019-10-28,240,1,0.25
2019-10-31,60,-1,-25.0
2019-11-01,60,1,-7.75
2019-11-06,60,-1,-7.25
2019-11-06,150,-1,-17.5
2019-11-07,30,1,5.25
2019-11-07,90,1,-3.25
2019-11-12,30,1,7.25
2019-11-12,180,1,-21.0
2019-11-18,30,-1,-8.75
2019-11-18,300,1,-11.25
2019-11-20,210,-1,-19.25
2019-11-21,30,-1,4.75
2019-11-21,120,-1,-10.0
2019-11-22,120,-1,-5.25
2019-11-25,30,1,26.75
2019-11-27,150,1,12.0
2019-12-02,30,-1,2.75
2019-12-02,270,-1,-14.0
2019-12-02,300,-1,0.5
2019-12-02,330,-1,13.0
2019-12-06,180,1,1.5
2019-12-09,30,1,-8.25
2019-12-11,330,1,-4.5
2019-12-12,30,1,-35.25
2019-12-12,120,1,-9.0
2019-12-12,150,1,-15.0
2019-12-12,210,1,7.0
2019-12-12,240,1,-2.75
2019-12-12,270,1,26.0
2019-12-13,180,1,-5.0
2019-12-19,120,1,19.25
2019-12-26,90,1,30.75
2019-12-30,30,-1,-15.5
2019-12-30,120,-1,-6.25
2019-12-30,150,-1,-13.75
2019-12-30,180,-1,-3.75
2019-12-30,210,-1,5.75
2019-12-30,240,-1,-5.0
2019-12-30,270,-1,13.0
2019-12-30,300,-1,-1.25
2019-12-30,330,-1,-9.75
2019-12-30,360,-1,8.25
2020-01-02,300,1,30.75
2020-01-08,30,1,-11.5
2020-01-08,120,1,31.5
2020-01-13,120,1,40.0
2020-01-14,30,-1,-23.75
2020-01-15,30,1,-8.5
2020-01-22,60,1,-9.5
2020-01-24,180,-1,28.25
2020-01-28,60,1,46.25
2020-01-31,30,-1,123.5
2020-02-03,30,1,-22.25
2020-02-03,150,1,-1.75
2020-02-03,240,1,13.25
2020-02-04,120,1,34.0
2020-02-06,210,1,-12.25
2020-02-10,30,1,12.5
2020-02-10,240,1,48.75
2020-02-20,120,-1,-42.75
2020-02-20,360,-1,-4.5
2020-02-21,30,-1,-6.25
2020-02-21,120,-1,70.25
2020-02-25,90,-1,-9.5
2020-02-25,180,-1,163.5
2020-02-26,30,1,11.5
2020-02-26,150,1,-30.0
2020-02-27,60,-1,-106.75
2020-02-27,330,-1,146.5
2020-03-02,120,1,-45.5
2020-03-02,360,1,171.25
2020-03-03,30,1,-40.5
2020-03-03,120,-1,-113.25
2020-03-03,180,-1,171.0
2020-03-04,240,1,-7.75
2020-03-04,360,1,53.0
2020-03-11,210,-1,35.5
2020-03-12,150,-1,-180.5
2020-03-12,330,-1,145.75
2020-03-16,30,-1,-26.0
2020-03-16,60,-1,-112.5
2020-03-16,270,-1,-90.25
2020-03-16,360,-1,274.75
2020-03-17,120,1,103.75
2020-03-19,60,1,-52.75
2020-03-19,120,1,-81.5
2020-03-19,210,1,-89.0
2020-03-20,330,-1,-63.25
2020-03-23,120,-1,-25.25
2020-03-25,240,1,-20.0
2020-03-25,330,1,-221.75
2020-03-26,60,1,-5.0
2020-03-26,240,1,194.75
2020-03-30,90,1,24.25
2020-03-30,180,1,41.0
2020-03-31,60,1,-45.5
2020-04-02,90,1,-14.75
2020-04-02,210,1,-91.75
2020-04-03,240,-1,-8.25
2020-04-06,210,1,113.75
2020-04-14,30,1,-9.5
2020-04-14,150,1,79.5
2020-04-16,150,1,-132.5
2020-04-21,30,-1,72.0
2020-04-21,300,-1,99.5
2020-04-23,30,1,28.75
2020-04-28,90,-1,-57.25
2020-04-28,330,-1,-5.75
2020-04-29,60,1,-15.5
2020-04-29,180,1,9.5
2020-05-01,210,-1,-18.5
2020-05-05,30,1,-19.75
2020-05-05,150,1,-14.5
2020-05-05,240,1,2.25
2020-05-05,300,1,-69.25
2020-05-11,240,1,-26.25
2020-05-13,60,1,-79.25
2020-05-13,150,-1,7.0
2020-05-14,30,-1,-40.75
2020-05-18,90,1,-0.75
2020-05-19,30,1,10.5
2020-05-20,30,1,1.75
2020-05-21,60,-1,19.25
2020-05-27,30,-1,-14.0
2020-05-27,180,-1,-24.5
2020-05-28,90,1,-14.75
2020-05-28,150,1,-48.25
2020-06-02,120,-1,-4.25
2020-06-04,330,-1,-23.0
2020-06-05,30,1,60.25
2020-06-09,90,1,-17.0
2020-06-09,180,1,-6.75
2020-06-10,300,1,-42.75
2020-06-10,360,1,-64.0
2020-06-11,150,-1,270.5
2020-06-12,270,-1,-71.5
2020-06-15,300,1,-44.0
2020-06-22,30,1,-3.75
2020-06-22,150,1,17.25
2020-06-23,60,1,-16.5
2020-06-23,120,1,9.5
2020-06-23,240,1,-13.25
2020-06-24,30,-1,106.5
2020-06-25,30,-1,-53.5
2020-06-26,30,-1,53.0
2020-06-26,150,-1,113.75
2020-06-29,30,-1,-45.75
2020-06-29,150,1,6.75
2020-06-30,30,1,112.5
2020-07-01,60,1,5.25
2020-07-01,150,1,25.25
2020-07-01,360,1,-26.0
2020-07-02,30,1,-37.0
2020-07-06,30,1,26.5
2020-07-07,60,1,3.5
2020-07-08,30,1,-12.5
2020-07-10,30,-1,-74.25
2020-07-13,60,1,28.5
2020-07-13,360,-1,91.25
2020-07-15,150,-1,-48.0
2020-07-17,60,-1,-48.75
2020-07-20,60,1,168.0
2020-07-21,150,-1,-31.75
2020-07-21,360,-1,5.75
2020-07-22,30,1,-43.0
2020-07-23,180,-1,145.75
2020-07-27,30,1,-41.25
2020-07-27,60,1,8.0
2020-07-27,240,1,5.25
2020-07-27,300,1,15.0
2020-07-28,30,-1,-20.75
2020-08-03,30,1,-17.75
2020-08-06,270,1,54.75
2020-08-07,210,-1,-1.25
2020-08-10,30,-1,3.75
2020-08-11,60,-1,-26.25
2020-08-12,30,1,90.25
2020-08-13,60,1,5.25
2020-08-13,180,1,-44.0
2020-08-14,60,-1,-8.5
2020-08-17,30,1,-11.0
2020-08-20,30,1,9.5
2020-08-20,90,1,82.5
2020-08-21,330,1,-1.0
2020-08-26,90,1,120.0
2020-08-27,210,-1,-56.25
2020-08-31,90,1,-46.5
2020-08-31,210,1,-10.25
2020-09-01,60,1,-35.0
2020-09-03,30,-1,408.75
2020-09-04,30,-1,42.75
2020-09-04,150,-1,-4.25
2020-09-04,180,-1,13.25
2020-09-04,210,-1,0.0
2020-09-04,270,-1,-20.5
2020-09-04,300,-1,-153.0
2020-09-09,180,1,-28.5
2020-09-09,300,1,-27.75
2020-09-10,300,-1,7.5
2020-09-11,210,-1,-78.25
2020-09-14,60,1,-7.75
2020-09-14,120,1,-50.0
2020-09-18,90,-1,30.25
2020-09-23,150,-1,-47.75
2020-09-23,240,-1,182.25
2020-09-24,30,1,-63.75
2020-09-24,150,1,-36.5
2020-09-24,240,1,-25.0
2020-09-25,120,1,-37.0
2020-09-25,270,1,69.0
2020-09-30,30,1,-58.25
2020-10-05,60,1,1.5
2020-10-05,120,1,-4.5
2020-10-05,330,1,30.0
2020-10-06,330,-1,47.0
2020-10-07,300,1,-13.75
2020-10-09,180,1,-3.5
2020-10-12,120,1,62.0
2020-10-14,150,-1,-6.0
2020-10-14,300,-1,-6.25
2020-10-19,270,-1,109.75
2020-10-20,240,1,-10.75
2020-10-21,30,1,-68.5
2020-10-22,60,-1,-25.25
2020-10-22,150,-1,-35.75
2020-10-23,30,-1,-38.0
2020-10-23,120,-1,-14.0
2020-10-26,90,-1,24.25
2020-10-28,30,-1,47.75
2020-10-28,360,-1,118.75
2020-10-29,30,1,61.75
2020-10-30,30,-1,63.5
2020-10-30,180,-1,27.75
2020-11-03,30,1,24.75
2020-11-03,330,1,-9.0
2020-11-04,60,1,2.5
2020-11-06,30,-1,-82.25
2020-11-10,60,-1,-71.25
2020-11-11,30,1,-8.25
2020-11-11,120,1,53.25
2020-11-23,120,-1,-36.0
2020-11-24,120,1,66.25
2020-12-01,120,1,10.75
2020-12-03,60,1,-38.25
2020-12-04,30,1,-23.5
2020-12-04,210,1,-15.75
2020-12-07,30,1,-9.5
2020-12-07,180,1,-15.0
2020-12-08,60,-1,-29.5
2020-12-08,300,1,-9.0
2020-12-09,180,-1,187.75
2020-12-10,60,1,-4.75
2020-12-11,180,-1,-23.75
2020-12-14,30,1,-23.75
2020-12-14,90,1,-1.25
2020-12-14,210,1,-10.75
2020-12-14,240,1,-39.75
2020-12-18,30,-1,-9.25
2020-12-18,120,-1,-7.0
2020-12-18,270,-1,-17.0
2020-12-21,60,-1,-44.25
2021-01-04,90,-1,89.75
2021-01-05,30,1,-35.25
2021-01-05,270,1,22.0
2021-01-07,30,1,82.75
2021-01-12,180,-1,-33.5
2021-01-13,30,1,3.75
2021-01-13,90,1,-18.0
2021-01-13,210,1,-8.5
2021-01-15,60,-1,-71.25
2021-01-19,240,1,13.5
2021-01-20,60,1,56.0
2021-01-25,30,1,-19.5
2021-01-27,30,-1,-78.25
2021-01-27,120,-1,-13.25
2021-01-27,180,-1,-23.25
2021-01-27,210,-1,10.25
2021-01-27,240,-1,183.75
2021-01-28,60,1,29.5
2021-01-28,360,1,-92.5
2021-01-29,30,-1,-80.25
2021-01-29,120,-1,69.5
2021-02-01,60,1,-36.25
2021-02-01,120,1,70.25
2021-02-02,30,1,6.0
2021-02-02,60,1,27.25
2021-02-02,150,1,-8.5
2021-02-10,60,-1,-14.0
2021-02-18,60,-1,-41.75
2021-02-22,90,-1,-31.5
2021-02-22,360,-1,40.0
2021-02-23,30,-1,-117.75
2021-02-23,210,-1,-142.25
2021-02-24,30,-1,-15.0
2021-02-24,240,1,1.5
2021-02-24,360,1,20.5
2021-02-25,90,-1,294.0
2021-02-26,60,-1,-166.25
2021-02-26,180,1,-76.25
2021-02-26,240,1,-68.5
2021-03-01,90,1,85.0
2021-03-02,30,-1,26.5
2021-03-02,270,-1,133.5
2021-03-03,30,-1,-9.25
2021-03-03,90,-1,-48.25
2021-03-03,150,-1,207.75
2021-03-04,30,-1,-127.75
2021-03-04,120,1,-6.25
2021-03-04,210,-1,24.25
2021-03-05,30,-1,-60.25
2021-03-08,150,-1,-39.5
2021-03-08,210,-1,-12.0
2021-03-08,270,-1,124.0
2021-03-09,30,1,81.5
2021-03-11,120,1,5.75
2021-03-11,180,1,-7.0
2021-03-11,240,1,-15.75
2021-03-12,90,-1,-71.75
2021-03-16,60,1,-17.0
2021-03-22,30,1,-11.0
2021-03-22,90,1,12.5
2021-03-24,330,-1,67.75
2021-03-26,240,1,-71.75
2021-03-29,30,-1,-59.75
2021-03-30,60,-1,-44.25
2021-03-31,30,1,13.0
2021-04-05,60,1,63.0
2021-04-13,30,1,-10.75
2021-04-13,300,1,28.5
2021-04-14,120,-1,71.25
2021-04-15,60,1,-21.75
2021-04-15,210,1,-13.5
2021-04-16,30,-1,-41.0
2021-04-19,150,-1,-25.25
2021-04-20,90,-1,7.0
2021-04-21,150,1,-16.75
2021-04-21,360,1,37.25
2021-04-22,270,-1,-35.0
2021-04-23,30,1,98.25
2021-04-26,330,1,-24.75
2021-04-27,30,-1,-35.5
2021-04-28,150,-1,-29.0
2021-05-03,120,-1,-31.25
2021-05-04,30,-1,-9.5
2021-05-06,60,-1,-40.25
2021-05-06,180,1,-18.5
2021-05-07,60,1,-3.75
2021-05-07,120,1,-13.25
2021-05-10,30,-1,169.5
2021-05-12,90,-1,-12.0
2021-05-12,150,-1,-32.25
2021-05-12,240,-1,34.75
2021-05-13,60,1,-3.75
2021-05-14,90,1,3.75
2021-05-14,180,1,26.75
2021-05-17,240,-1,-22.75
2021-05-20,30,1,98.25
2021-05-24,30,1,46.25
2021-06-01,90,-1,-33.75
2021-06-03,30,-1,-14.25
2021-06-04,30,1,59.5
2021-06-10,30,1,-95.0
2021-06-10,120,1,52.25
2021-06-15,60,-1,37.75
2021-06-17,30,1,42.25
2021-06-17,180,1,89.5
2021-06-18,120,-1,-40.0
2021-06-21,90,1,-2.0
2021-06-21,150,1,-18.75
2021-06-21,270,1,-32.25
2021-06-22,90,1,83.25
2021-06-23,30,1,-16.75
2021-06-24,60,1,-6.5
2021-06-28,30,1,3.0
2021-06-28,300,1,38.25
2021-07-02,210,1,-0.75
2021-07-02,360,1,5.5
2021-07-09,90,1,32.0
2021-07-13,30,1,-37.0
2021-07-15,60,-1,19.75
2021-07-16,120,-1,-20.25
2021-07-16,300,-1,58.5
2021-07-19,30,-1,-16.5
2021-07-19,240,-1,-12.25
2021-07-20,90,1,66.0
2021-07-21,90,1,-1.25
2021-07-21,330,1,36.25
2021-07-22,30,1,0.0
2021-07-22,300,1,14.5
2021-07-23,120,1,33.25
2021-07-27,30,-1,117.75
2021-07-27,330,-1,-20.75
2021-07-28,60,1,-25.25
2021-07-29,30,1,26.25
2021-08-03,30,-1,-17.75
2021-08-10,90,-1,-48.5
2021-08-10,210,-1,3.0
2021-08-10,300,-1,-4.5
2021-08-16,30,-1,23.0
2021-08-16,180,-1,-20.0
2021-08-17,30,-1,-42.0
2021-08-17,150,-1,-48.75
2021-08-19,120,1,-60.75
2021-08-19,330,1,-26.75
2021-08-20,30,1,-30.0
2021-08-20,180,1,24.25
2021-08-23,30,1,110.25
2021-08-27,60,1,34.25
2021-08-30,30,1,74.0
2021-08-31,30,-1,-18.0
2021-09-01,30,1,-12.0
2021-09-08,90,-1,-30.75
2021-09-08,180,-1,-6.5
2021-09-10,360,-1,34.0
2021-09-13,60,-1,-47.0
2021-09-13,150,-1,-64.75
2021-09-13,300,-1,-61.75
2021-09-14,360,-1,-35.0
2021-09-17,30,-1,78.5
2021-09-20,90,-1,-28.75
2021-09-20,150,-1,-51.0
2021-09-22,60,1,-8.0
2021-09-22,360,1,-27.25
2021-09-23,30,1,12.25
2021-09-27,30,-1,-86.75
2021-09-28,30,-1,75.0
2021-09-28,330,-1,88.0
2021-09-29,30,1,-54.5
2021-10-01,60,-1,-78.0
2021-10-04,30,-1,114.75
2021-10-05,30,1,67.5
2021-10-07,30,1,22.25
2021-10-07,150,1,-20.5
2021-10-11,30,1,4.75
2021-10-14,180,1,3.5
2021-10-18,240,1,37.5
2021-10-22,150,-1,-33.25
2021-10-25,210,1,-3.25
2021-10-25,300,1,-27.75
2021-10-26,30,1,20.25
2021-10-27,30,1,-22.5
2021-10-27,120,1,-18.75
2021-10-28,300,1,-8.75
2021-11-01,30,-1,-24.5
2021-11-02,30,1,-6.25
2021-11-03,330,1,38.25
2021-11-04,30,1,6.5
2021-11-04,120,1,86.0
2021-11-09,30,-1,16.25
2021-11-10,300,-1,-32.25
2021-11-12,120,1,2.0
2021-11-15,180,-1,-18.25
2021-11-16,120,1,7.75
2021-11-17,150,1,-79.25
2021-11-18,180,1,-53.0
2021-11-19,30,1,-58.0
2021-11-19,120,1,-6.5
2021-11-22,30,1,-41.25
2021-11-22,90,1,-89.5
2021-11-22,210,-1,-36.25
2021-11-23,60,-1,2.25
2021-11-30,90,-1,-9.0
2021-12-01,360,-1,93.0
2021-12-02,30,1,-36.25
2021-12-02,180,1,-107.75
2021-12-02,270,1,-24.5
2021-12-03,30,-1,126.25
2021-12-06,270,1,-28.0
2021-12-07,30,1,97.5
2021-12-09,360,-1,31.5
2021-12-15,30,-1,-22.75
2021-12-15,120,-1,11.0
2021-12-15,360,1,87.0
2021-12-16,30,-1,300.75
2021-12-21,300,1,24.75
2021-12-22,90,1,5.25
2021-12-23,60,1,25.0
2021-12-23,150,1,-16.5
2021-12-23,240,1,-5.25
2021-12-27,30,1,116.0
2022-01-04,60,-1,121.0
2022-01-05,210,-1,-31.5
2022-01-05,300,-1,227.5
2022-01-06,90,1,-64.25
2022-01-07,60,-1,33.5
2022-01-07,360,-1,34.5
2022-01-10,30,-1,-61.75
2022-01-10,180,-1,-65.25
2022-01-11,120,1,86.0
2022-01-13,90,-1,-30.5
2022-01-13,150,-1,284.75
2022-01-14,30,1,-48.0
2022-01-19,30,1,-62.5
2022-01-20,30,1,-48.5
2022-01-21,30,-1,-91.5
2022-01-21,240,-1,203.25
2022-01-24,30,-1,-48.75
2022-01-25,30,-1,-75.25
2022-01-25,150,-1,-62.0
2022-01-25,210,-1,-92.25
2022-01-27,240,-1,-87.5
2022-01-27,300,-1,-16.25
2022-01-28,30,-1,-91.0
2022-01-28,120,1,-120.25
2022-01-28,330,1,0.0
2022-01-31,30,1,253.0
2022-02-01,30,-1,-55.75
2022-02-04,30,1,-32.75
2022-02-04,210,1,0.25
2022-02-08,120,1,-40.5
2022-02-11,120,-1,15.75
2022-02-11,210,-1,277.5
2022-02-14,120,1,-39.75
2022-02-14,180,1,-40.5
2022-02-16,30,-1,-23.25
2022-02-17,60,-1,-35.75
2022-02-17,180,-1,172.75
2022-02-18,60,-1,-20.25
2022-02-18,360,-1,-10.5
2022-02-22,270,-1,-52.0
2022-02-23,90,-1,-39.75
2022-02-23,240,-1,160.25
2022-02-24,300,1,255.5
2022-02-25,30,-1,-157.25
2022-02-25,150,1,-57.0
2022-03-01,240,-1,-56.0
2022-03-01,360,-1,-43.25
2022-03-02,240,1,-18.75
2022-03-02,330,1,18.75
2022-03-03,90,-1,-40.0
2022-03-03,180,-1,-93.5
2022-03-03,330,-1,12.25
2022-03-04,60,-1,33.25
2022-03-07,30,-1,346.75
2022-03-08,180,1,-4.25
2022-03-11,180,-1,-12.25
2022-03-11,360,-1,60.5
2022-03-14,210,-1,5.75
2022-03-15,60,1,12.25
2022-03-15,120,1,-44.25
2022-03-15,180,1,-77.25
2022-03-15,270,1,-55.25
2022-03-15,360,1,4.0
2022-03-18,210,1,109.25
2022-03-21,60,-1,-118.25
2022-03-22,30,1,143.75
2022-03-24,360,1,35.75
2022-03-25,120,-1,-44.0
2022-03-28,30,1,-40.0
2022-03-28,90,1,-56.75
2022-03-28,330,1,57.75
2022-03-31,30,-1,-43.25
2022-04-01,150,-1,-14.75
2022-04-01,210,-1,-7.5
2022-04-04,30,1,115.0
2022-04-05,60,-1,141.75
2022-04-06,30,-1,-13.0
2022-04-06,180,-1,-46.75
2022-04-06,300,-1,-182.75
2022-04-07,30,1,-43.0
2022-04-08,30,-1,-79.25
2022-04-08,300,-1,-23.25
2022-04-11,90,-1,-10.5
2022-04-11,180,-1,-59.25
2022-04-11,300,-1,-47.0
2022-04-13,60,1,114.0
2022-04-14,30,-1,227.25
2022-04-19,30,1,200.5
2022-04-20,30,-1,88.0
2022-04-21,270,-1,122.25
2022-04-22,60,-1,-34.75
2022-04-22,150,-1,160.25
2022-04-26,30,-1,55.25
2022-04-26,330,-1,195.5
2022-04-27,30,1,-215.75
2022-04-27,180,1,-59.5
2022-04-28,210,1,97.25
2022-04-29,180,-1,256.25
2022-05-02,60,1,-120.5
2022-05-04,60,-1,-2.0
2022-05-04,330,1,181.5
2022-05-05,30,-1,297.0
2022-05-06,30,-1,-143.0
2022-05-09,90,-1,11.75
2022-05-09,210,-1,-48.25
2022-05-09,270,-1,-43.0
2022-05-11,240,-1,14.75
2022-05-11,330,-1,14.25
2022-05-13,30,1,27.75
2022-05-13,270,1,-25.75
2022-05-13,330,1,32.0
2022-05-18,120,-1,183.5
2022-05-20,150,-1,-94.75
2022-05-24,30,-1,10.75
2022-05-25,330,1,-34.0
2022-05-26,30,1,143.75
2022-05-27,30,1,17.25
2022-05-27,150,1,-25.0
2022-05-27,240,1,87.0
2022-05-31,30,-1,-33.0
2022-06-01,150,-1,-9.0
2022-06-02,180,1,123.0
2022-06-10,30,-1,47.0
2022-06-13,360,-1,-1.5
2022-06-16,30,-1,16.25
2022-06-16,270,-1,-52.25
2022-06-17,30,1,-81.25
2022-06-17,120,1,-81.75
2022-06-17,210,1,41.75
2022-06-21,30,1,-26.75
2022-06-21,270,1,-4.0
2022-06-21,330,1,-13.75
2022-06-22,60,1,-13.75
2022-06-24,30,1,144.0
2022-06-27,270,-1,-12.25
2022-06-28,120,-1,197.75
2022-06-30,30,-1,-90.5
2022-07-05,330,1,60.5
2022-07-07,30,1,132.25
2022-07-11,30,-1,-63.25
2022-07-11,120,-1,1.25
2022-07-11,210,-1,-52.5
2022-07-14,30,-1,-57.75
2022-07-19,90,1,120.75
2022-07-20,60,1,-1.75
2022-07-20,300,1,20.75
2022-07-21,180,1,-32.5
2022-07-22,120,-1,55.5
2022-07-25,60,-1,-21.5
2022-07-26,30,-1,13.5
2022-07-26,120,-1,30.0
2022-07-27,30,1,40.25
2022-07-27,330,1,39.0
2022-07-28,30,-1,-72.5
2022-07-29,30,1,-16.0
2022-08-01,90,1,-40.5
2022-08-03,30,1,182.0
2022-08-08,30,1,-50.0
2022-08-09,30,-1,-35.25
2022-08-09,180,-1,-26.25
2022-08-12,240,1,70.0
2022-08-16,60,-1,-19.75
2022-08-17,90,-1,-28.75
2022-08-17,150,-1,-36.75
2022-08-18,30,-1,-37.75
2022-08-19,30,-1,31.75
2022-08-22,30,-1,101.75
2022-08-24,120,1,-40.25
2022-08-25,60,1,-76.0
2022-08-26,60,-1,312.5
2022-08-30,60,-1,54.5
2022-09-01,90,-1,-68.75
2022-09-02,240,-1,22.5
2022-09-06,30,-1,-69.75
2022-09-07,120,1,-35.5
2022-09-07,210,1,-4.25
2022-09-07,270,1,48.25
2022-09-08,90,1,-8.5
2022-09-09,30,1,80.5
2022-09-12,30,1,-10.25
2022-09-13,30,-1,2.0
2022-09-13,90,-1,-24.0
2022-09-13,270,-1,163.0
2022-09-15,90,-1,-41.5
2022-09-15,150,-1,-76.25
2022-09-15,360,-1,-52.5
2022-09-16,30,-1,-65.5
2022-09-22,30,-1,12.75
2022-09-22,180,-1,-18.25
2022-09-22,300,-1,-57.5
2022-09-23,30,-1,-42.5
2022-09-23,60,-1,7.75
2022-09-23,150,-1,20.0
2022-09-26,30,1,-47.25
2022-09-26,90,1,-80.0
2022-09-28,60,1,-2.75
2022-09-28,120,1,127.5
2022-09-29,30,-1,-10.25
2022-09-29,150,-1,22.25
2022-09-30,120,1,-95.5
2022-10-03,60,1,-37.25
2022-10-03,210,1,78.25
2022-10-04,30,1,-32.5
2022-10-04,210,1,-39.0
2022-10-04,330,1,-41.0
2022-10-05,60,-1,-27.25
2022-10-07,30,-1,123.0
2022-10-10,30,-1,-30.5
2022-10-10,90,-1,-91.25
2022-10-11,30,-1,-34.0
2022-10-13,120,1,148.75
2022-10-14,30,-1,233.5
2022-10-17,30,1,6.75
2022-10-20,60,1,-23.75
2022-10-21,210,1,115.0
2022-10-24,60,-1,-105.5
2022-10-25,30,1,24.0
2022-10-25,300,1,-9.25
2022-10-25,360,1,-5.5
2022-10-27,30,-1,-144.25
2022-10-28,30,1,235.0
2022-11-02,360,-1,58.0
2022-11-03,30,-1,-103.5
2022-11-08,120,1,12.0
2022-11-08,210,1,-124.25
2022-11-09,240,-1,66.5
2022-11-10,30,1,-54.25
2022-11-10,90,1,15.0
2022-11-10,150,1,-31.25
2022-11-10,240,1,151.5
2022-11-11,60,1,-96.75
2022-11-11,210,1,70.75
2022-11-16,60,-1,-15.75
2022-11-23,30,1,-32.25
2022-11-23,360,1,1.5
2022-11-28,360,-1,-34.0
2022-11-29,120,-1,-42.0
2022-11-30,270,1,267.25
2022-12-01,60,-1,-119.5
2022-12-05,150,-1,-16.25
2022-12-05,210,-1,-8.5
2022-12-05,270,-1,-23.25
2022-12-06,30,-1,100.0
2022-12-07,30,-1,-80.0
2022-12-08,60,1,-13.75
2022-12-08,240,1,-24.25
2022-12-15,30,-1,95.25
2022-12-16,60,-1,23.25
2022-12-19,30,-1,-40.75
2022-12-19,90,-1,-7.0
2022-12-19,270,-1,-9.5
2022-12-21,90,1,-25.25
2022-12-22,30,-1,66.0
2022-12-22,360,-1,-12.5
2022-12-27,30,-1,-60.75
2022-12-27,300,-1,-35.25
2022-12-28,360,-1,6.25
2022-12-29,30,1,53.25
2023-01-03,60,-1,-69.25
2023-01-03,120,-1,-5.75
2023-01-06,150,1,81.5
2023-01-09,30,1,-21.5
2023-01-11,360,1,37.75
2023-01-12,30,-1,-75.25
2023-01-18,180,-1,-21.25
2023-01-18,330,-1,38.75
2023-01-20,120,1,138.5
2023-01-23,30,1,106.25
2023-01-25,30,-1,-19.75
2023-01-27,60,1,-54.25
2023-01-27,180,1,9.25
2023-01-31,60,1,21.5
2023-02-01,330,1,60.5
2023-02-02,60,1,-52.75
2023-02-07,210,1,-247.5
2023-02-07,300,1,138.75
2023-02-08,60,-1,89.5
2023-02-13,30,1,-4.5
2023-02-13,90,1,-4.75
2023-02-14,30,1,-5.25
2023-02-17,30,-1,-23.25
2023-02-17,120,-1,-25.0
2023-02-17,240,-1,-31.75
2023-02-21,300,-1,-11.5
2023-03-01,60,-1,-32.75
2023-03-01,120,-1,-45.25
2023-03-01,300,-1,-19.0
2023-03-02,360,1,9.0
2023-03-03,30,1,132.25
2023-03-06,60,1,-47.0
2023-03-07,30,-1,2.0
2023-03-07,240,-1,66.25
2023-03-08,30,-1,-54.0
2023-03-09,30,1,-22.25
2023-03-09,270,-1,103.25
2023-03-10,30,-1,-53.0
2023-03-10,180,-1,98.25
2023-03-13,30,1,8.75
2023-03-13,90,1,-16.75
2023-03-14,30,1,9.75
2023-03-16,90,1,191.25
2023-03-17,30,1,-84.5
2023-03-17,90,-1,5.5
2023-03-23,30,1,19.75
2023-03-27,150,-1,-28.25
2023-03-27,210,-1,-24.75
2023-03-28,30,-1,-24.5
2023-03-28,180,-1,-18.25
2023-03-28,270,-1,-21.5
2023-03-31,30,1,34.25
2023-03-31,150,1,86.25
2023-04-05,60,-1,9.5
2023-04-06,180,1,-23.0
2023-04-06,240,1,16.25
2023-04-10,30,-1,-30.25
2023-04-10,60,-1,-21.0
2023-04-11,30,-1,19.25
2023-04-12,90,-1,-8.75
2023-04-12,330,-1,42.75
2023-04-13,30,1,137.0
2023-04-21,30,-1,-64.75
2023-04-24,120,-1,2.0
2023-04-25,180,-1,-2.5
2023-04-25,240,-1,72.25
2023-04-27,120,1,93.25
2023-04-28,60,1,-95.0
2023-05-02,60,-1,-2.5
2023-05-02,270,-1,-4.5
2023-05-02,330,-1,19.25
2023-05-03,30,1,-41.75
2023-05-04,30,-1,-13.0
2023-05-05,30,1,127.75
2023-05-12,60,-1,-2.0
2023-05-12,180,-1,-44.0
2023-05-16,90,1,5.0
2023-05-16,270,1,-25.0
2023-05-17,210,1,34.75
2023-05-18,30,1,56.75
2023-05-18,270,1,125.0
2023-05-19,180,-1,-24.0
2023-05-22,30,1,-40.25
2023-05-23,300,-1,6.25
2023-05-24,90,-1,-50.5
2023-05-24,180,-1,-14.0
2023-05-26,30,1,190.25
2023-06-01,120,1,87.25
2023-06-05,90,1,-15.25
2023-06-07,90,-1,138.0
2023-06-08,60,1,83.5
2023-06-09,30,1,-66.5
2023-06-12,330,1,58.0
2023-06-15,120,1,19.75
2023-06-15,210,1,75.5
2023-06-20,60,-1,-32.25
2023-06-21,30,-1,16.0
2023-06-21,270,-1,-43.5
2023-06-21,360,-1,45.0
2023-06-22,60,1,-35.75
2023-06-22,150,1,-18.0
2023-06-22,270,1,57.5
2023-06-26,30,1,-13.0
2023-06-26,180,-1,-19.0
2023-06-26,360,-1,57.25
2023-06-27,150,1,94.75
2023-06-28,90,1,-38.25
2023-06-30,30,1,-7.5
2023-06-30,210,1,-3.25
2023-07-05,60,1,-49.25
2023-07-07,210,1,-9.5
2023-07-12,60,1,-39.5
2023-07-13,240,1,-3.75
2023-07-13,300,1,40.25
2023-07-14,30,1,-2.25
2023-07-14,90,1,-25.75
2023-07-17,120,1,-4.5
2023-07-17,210,1,-3.0
2023-07-17,270,1,23.75
2023-07-18,210,1,52.5
2023-07-20,60,-1,152.25
2023-07-25,30,1,-33.0
2023-07-25,120,1,13.5
2023-07-26,90,-1,-57.0
2023-07-26,210,-1,-11.25
2023-07-28,30,1,54.5
2023-08-02,30,-1,122.75
2023-08-04,180,1,3.0
2023-08-08,30,-1,-12.25
2023-08-08,240,-1,-4.75
2023-08-08,270,-1,-16.5
2023-08-09,30,-1,34.25
2023-08-09,240,-1,14.5
2023-08-09,270,-1,-61.5
2023-08-10,30,1,-116.25
2023-08-14,60,1,117.25
2023-08-15,60,-1,-44.75
2023-08-15,360,-1,-17.75
2023-08-16,360,-1,17.0
2023-08-17,300,-1,76.75
2023-08-21,30,1,-77.0
2023-08-21,210,1,83.0
2023-08-23,30,1,104.5
2023-08-24,60,-1,211.0
2023-08-29,30,1,209.25
2023-08-31,30,1,5.0
2023-09-06,60,-1,4.75
2023-09-06,150,-1,-3.0
2023-09-08,60,1,-89.0
2023-09-15,30,-1,123.5
2023-09-19,90,-1,-7.5
2023-09-20,360,-1,86.5
2023-09-21,30,-1,-40.25
2023-09-21,360,-1,24.5
2023-09-22,120,1,-40.25
2023-09-26,30,-1,9.25
2023-09-26,120,-1,-31.75
2023-09-26,240,-1,32.75
2023-09-27,240,-1,-64.0
2023-09-28,120,1,21.0
2023-09-29,30,1,-58.0
2023-10-02,30,1,-47.25
2023-10-02,60,1,19.5
2023-10-02,90,1,-21.75
2023-10-03,60,-1,62.75
2023-10-04,150,1,-54.0
2023-10-04,300,1,69.0
2023-10-05,30,-1,-14.5
2023-10-05,210,-1,-3.25
2023-10-05,240,-1,-63.25
2023-10-06,150,1,56.0
2023-10-10,30,1,32.25
2023-10-13,60,-1,142.5
2023-10-16,30,1,29.0
2023-10-16,330,1,-21.5
2023-10-17,30,-1,-104.5
2023-10-19,330,-1,6.5
2023-10-20,60,-1,-12.75
2023-10-20,300,-1,41.75
2023-10-23,180,1,3.5
2023-10-24,30,1,7.0
2023-10-25,30,-1,-27.0
2023-10-25,90,-1,166.75
2023-10-26,30,-1,-24.25
2023-10-26,120,-1,-56.5
2023-10-26,360,-1,61.5
2023-10-30,30,1,-105.75
2023-10-31,30,-1,-65.75
2023-11-01,60,1,-41.75
2023-11-01,270,1,-6.0
2023-11-01,330,1,60.0
2023-11-03,30,1,-35.5
2023-11-03,150,1,29.0
2023-11-07,60,1,-8.5
2023-11-07,210,1,14.25
2023-11-07,360,1,-27.0
2023-11-09,330,-1,-17.75
2023-11-10,90,1,211.5
2023-11-14,30,1,-12.75
2023-11-20,30,1,-28.75
2023-11-20,60,1,127.25
2023-11-21,60,-1,-37.75
2023-11-29,30,1,-92.0
2023-11-30,30,-1,-26.75
2023-12-01,60,-1,-30.5
2023-12-04,60,-1,-70.0
2023-12-05,90,1,-66.25
2023-12-06,360,-1,10.25
2023-12-07,60,1,-18.5
2023-12-07,150,1,9.25
2023-12-11,30,1,-23.5
2023-12-11,90,1,-24.25
2023-12-11,180,1,46.75
2023-12-12,330,1,28.25
2023-12-14,240,-1,-31.25
2023-12-15,60,1,-1.0
2023-12-18,180,1,3.25
2023-12-20,330,-1,78.5
2023-12-29,90,-1,-6.25
2024-01-02,30,-1,11.25
2024-01-02,120,-1,-16.5
2024-01-02,150,-1,59.5
2024-01-03,150,-1,-24.75
2024-01-05,30,1,11.25
2024-01-05,150,1,-60.25
2024-01-08,30,1,176.5
2024-01-10,270,1,15.75
2024-01-11,90,-1,-40.75
2024-01-17,30,-1,-88.0
2024-01-18,120,1,-29.5
2024-01-18,300,1,5.75
2024-01-19,180,1,155.25
2024-01-24,180,1,-20.0
2024-01-29,330,1,53.75
2024-01-30,180,-1,-17.25
2024-01-30,270,-1,-13.25
2024-01-31,60,-1,-43.25
2024-01-31,300,-1,-48.25
2024-01-31,360,-1,42.5
2024-02-01,60,1,-89.5
2024-02-01,210,1,59.0
2024-02-02,30,1,120.0
2024-02-05,30,-1,25.0
2024-02-05,150,-1,-40.75
2024-02-06,30,-1,-8.75
2024-02-06,150,-1,-41.25
2024-02-06,300,-1,-37.0
2024-02-07,60,1,-43.0
2024-02-07,150,1,-33.5
2024-02-07,240,1,-6.25
2024-02-09,30,1,95.0
2024-02-15,30,-1,-8.75
2024-02-16,30,-1,-63.0
2024-02-16,90,-1,-56.75
2024-02-16,240,-1,-51.25
2024-02-16,330,-1,48.0
2024-02-20,30,-1,-43.0
2024-02-20,120,-1,-4.25
2024-02-20,330,-1,-16.0
2024-02-21,300,-1,-8.25
2024-02-22,180,1,49.5
2024-03-01,30,1,186.25
2024-03-05,30,-1,131.0
2024-03-07,90,1,61.75
2024-03-08,30,1,-24.0
2024-03-08,120,-1,147.5
2024-03-11,30,-1,-47.75
2024-03-12,60,1,-10.25
2024-03-12,300,1,30.75
2024-03-14,30,-1,-127.25
2024-03-14,210,-1,-55.5
2024-03-14,330,-1,-42.75
2024-03-15,150,-1,-29.0
2024-03-15,300,-1,-18.5
2024-03-18,60,1,-59.75
2024-03-19,60,-1,-46.25
2024-03-20,330,1,55.25
2024-04-01,30,1,-57.5
2024-04-02,60,-1,-32.25
2024-04-03,60,1,-26.25
2024-04-04,300,-1,211.75
2024-04-05,30,1,84.5
2024-04-09,90,-1,-57.75
2024-04-11,240,1,62.75
2024-04-12,90,-1,-50.25
2024-04-12,180,-1,24.0
2024-04-15,180,-1,235.0
2024-04-17,120,-1,91.5
2024-04-18,30,-1,-64.25
2024-04-19,60,-1,204.5
2024-04-22,300,1,-32.0
2024-04-23,30,1,110.5
2024-04-26,30,1,52.0
2024-04-26,360,1,-44.0
2024-04-30,210,-1,-41.5
2024-05-01,30,-1,-17.0
2024-05-01,150,-1,-57.0
2024-05-01,330,1,-88.75
2024-05-14,60,1,-29.75
2024-05-14,330,1,-2.25
2024-05-15,90,1,110.0
2024-05-16,90,1,-10.5
2024-05-17,300,-1,-37.25
2024-05-20,30,1,21.75
2024-05-22,300,-1,-26.75
2024-05-23,270,-1,15.75
2024-05-24,60,1,41.25
2024-05-30,90,-1,-67.5
2024-05-30,330,-1,63.0
2024-05-31,30,-1,101.25
2024-05-31,360,-1,-184.0
2024-06-03,180,-1,-26.25
2024-06-05,120,1,108.75
2024-06-12,30,1,8.5
2024-06-12,210,1,-30.25
2024-06-17,180,1,110.25
2024-06-21,30,-1,-36.0
2024-06-24,240,-1,-23.25
2024-06-25,60,1,1.75
2024-06-25,120,1,-31.5
2024-06-25,300,1,3.25
2024-06-27,30,1,-56.0
2024-06-28,30,1,-42.0
2024-06-28,90,1,-27.5
2024-07-02,90,1,-28.5
2024-07-02,210,1,129.25
2024-07-05,30,1,90.75
2024-07-10,210,1,19.25
2024-07-11,60,-1,288.5
2024-07-12,30,1,-30.5
2024-07-15,60,1,-34.5
2024-07-16,180,-1,-59.5
2024-07-17,30,-1,187.25
2024-07-18,120,-1,-81.75
2024-07-18,300,-1,-57.75
2024-07-19,120,-1,-66.25
2024-07-19,210,-1,2.25
2024-07-19,300,-1,-46.5
2024-07-24,30,-1,295.25
2024-07-25,30,-1,-79.0
2024-07-25,60,-1,-105.25
2024-07-29,30,1,-90.25
2024-07-30,90,-1,151.0
2024-07-31,330,1,-129.5
2024-08-01,30,1,-159.5
2024-08-01,90,-1,293.75
2024-08-02,30,-1,-12.5
2024-08-02,240,-1,-76.5
2024-08-06,90,1,-112.5
2024-08-06,150,1,-177.75
2024-08-08,60,1,20.25
2024-08-08,240,1,21.75
2024-08-13,210,1,28.75
2024-08-15,30,1,24.25
2024-08-15,150,1,-11.5
2024-08-15,360,1,2.0
2024-08-22,150,-1,-117.0
2024-08-22,210,-1,112.5
2024-08-23,60,1,-199.25
2024-08-26,60,-1,-4.25
2024-08-26,270,-1,-45.75
2024-08-26,360,-1,-12.0
2024-08-27,90,1,-66.25
2024-08-28,30,-1,-48.0
2024-08-28,90,-1,-17.5
2024-08-28,360,-1,35.25
2024-08-29,30,1,-50.25
2024-09-03,30,-1,326.0
2024-09-05,30,1,-137.25
2024-09-06,30,-1,272.0
2024-09-11,30,-1,-42.75
2024-09-11,300,1,122.25
2024-09-12,270,1,-12.75
2024-09-20,120,-1,-63.25
2024-09-27,120,-1,-24.5
2024-09-27,240,-1,-50.75
2024-09-27,300,-1,-24.0
2024-10-01,30,-1,35.5
2024-10-01,270,-1,-51.25
2024-10-01,300,-1,8.25
2024-10-01,330,-1,22.25
2024-10-01,360,-1,46.75
2024-10-07,330,-1,-29.75
2024-10-08,30,1,2.75
2024-10-08,90,1,44.75
2024-10-09,150,1,19.0
2024-10-14,30,1,-34.25
2024-10-15,60,-1,136.5
2024-10-16,30,-1,-122.0
2024-10-23,120,-1,-45.5
2024-10-23,180,-1,34.0
2024-10-25,30,1,-53.25
2024-10-25,150,1,-54.5
2024-10-29,120,1,92.25
2024-10-31,30,-1,141.75
2024-11-01,30,1,-5.25
2024-11-05,30,1,-59.5
2024-11-05,120,1,28.75
2024-11-06,60,1,-83.5
2024-11-06,150,1,100.0
2024-11-07,30,1,113.5
2024-11-12,210,-1,-67.25
2024-11-14,360,-1,6.0
2024-11-15,30,-1,196.75
2024-11-18,60,1,-3.75
2024-11-19,270,1,-33.25
2024-11-20,30,-1,-11.0
2024-11-20,90,-1,-55.25
2024-11-20,180,-1,6.5
2024-11-20,270,-1,-95.0
2024-11-21,30,-1,-87.75
2024-11-27,30,-1,68.25
2024-11-27,240,-1,-35.5
2024-11-27,270,-1,6.75
2024-11-27,300,-1,-1.0
2024-11-27,330,-1,14.5
2024-11-27,360,-1,-31.5
2024-12-02,30,1,39.0
2024-12-06,30,1,46.5
2024-12-09,150,-1,1.75
2024-12-09,210,-1,-39.75
2024-12-09,300,-1,-2.5
2024-12-10,360,-1,-37.75
2024-12-11,30,1,92.25
2024-12-13,30,1,-54.5
2024-12-16,30,1,126.75
2024-12-18,300,-1,531.25
2024-12-20,60,1,78.0
2024-12-23,270,1,2.25
2024-12-27,30,-1,-14.75
2024-12-27,270,-1,23.25
2024-12-27,300,-1,-54.25
2024-12-27,360,-1,-61.0
2024-12-30,30,-1,-103.25
2024-12-31,120,-1,-16.0
2024-12-31,180,-1,-31.0
2024-12-31,240,-1,-33.25
2025-01-02,210,-1,-45.5
2025-01-03,30,1,-40.0
2025-01-03,120,1,13.0
2025-01-03,210,1,43.0
2025-01-06,30,1,21.0
2025-01-07,30,-1,292.5
2025-01-10,30,-1,-34.75
2025-01-10,210,-1,-79.5
2025-01-15,30,1,-6.25
2025-01-15,360,1,-42.5
2025-01-22,30,1,-30.0
2025-01-22,120,1,-28.75
2025-01-24,270,-1,-33.5
2025-01-28,60,1,105.25
2025-01-29,270,-1,-118.5
2025-01-31,30,1,-79.75
2025-02-04,30,1,-24.25
2025-02-04,180,1,103.5
2025-02-07,60,-1,159.75
2025-02-10,60,1,7.25
2025-02-13,90,1,-84.75
2025-02-13,330,1,50.5
2025-02-20,30,-1,-122.0
2025-02-20,60,-1,13.75
2025-02-20,180,-1,9.75
2025-02-20,270,-1,-19.5
2025-02-21,60,-1,327.0
2025-02-24,30,-1,-35.75
2025-02-25,30,-1,39.0
2025-02-25,150,-1,-6.75
2025-02-25,180,-1,-64.25
2025-02-25,210,-1,71.0
2025-02-25,240,-1,-28.75
2025-02-25,270,-1,-13.75
2025-02-25,330,-1,-6.75
2025-02-25,360,-1,62.75
2025-02-26,120,1,-10.5
2025-02-26,180,1,-134.5
2025-02-27,30,-1,-169.0
2025-02-27,90,-1,-29.5
2025-02-27,150,-1,-98.5
2025-02-27,270,-1,428.0
2025-02-28,60,1,-9.0
2025-03-03,240,-1,232.25
2025-03-04,30,-1,-11.25
2025-03-04,120,-1,-121.0
2025-03-05,210,1,-69.5
2025-03-05,300,1,-5.75
2025-03-06,180,-1,81.75
2025-03-07,120,-1,-99.25
2025-03-10,60,-1,205.0
2025-03-11,240,-1,-124.5
2025-03-13,30,-1,-151.0
2025-03-13,120,-1,-16.5
2025-03-13,360,-1,-10.0
2025-03-14,120,1,-7.0
2025-03-18,30,-1,-85.75
2025-03-18,180,-1,2.5
2025-03-18,210,-1,15.75
2025-03-19,330,1,-74.0
2025-03-26,30,-1,28.75
2025-03-26,120,-1,173.25
2025-03-28,60,-1,189.75
2025-04-02,180,1,-33.0
2025-04-03,90,-1,-60.75
2025-04-03,360,-1,22.75
2025-04-04,60,-1,414.5
2025-04-07,270,1,-155.75
2025-04-08,30,1,2.5
2025-04-08,360,-1,8.5
2025-04-09,30,1,-292.0
2025-04-09,120,1,-135.5
2025-04-09,180,1,1804.75
2025-04-10,30,-1,-44.5
2025-04-10,90,-1,109.25
2025-04-21,30,-1,208.25
2025-04-21,270,-1,-59.5
2025-04-21,330,-1,-45.25
2025-04-22,90,1,-8.5
2025-04-22,150,1,-187.25
2025-04-23,60,1,-61.75
2025-04-24,30,1,202.5
2025-04-24,300,1,-50.75
2025-04-28,120,-1,-5.25
2025-04-30,30,-1,-153.5
2025-05-08,210,1,-26.0
2025-05-13,30,1,146.75
2025-05-21,360,-1,-39.75
2025-05-22,30,1,-39.25
2025-05-22,270,1,-7.5
2025-05-22,330,1,-124.0
2025-05-27,60,1,-18.25
2025-05-27,120,1,79.75
2025-05-30,30,-1,-76.25
2025-05-30,180,-1,-123.25
2025-06-02,300,1,25.75
2025-06-03,90,1,19.0
2025-06-03,180,1,-7.25
2025-06-05,120,1,-5.0
2025-06-05,360,-1,8.5
2025-06-11,300,-1,-23.5
2025-06-16,30,1,6.0
2025-06-17,270,-1,-5.0
2025-06-20,90,-1,-86.75
2025-06-20,240,-1,-93.75
2025-06-20,330,-1,-28.5
2025-06-23,30,1,24.0
2025-06-23,120,1,-27.25
2025-06-23,240,1,27.25
2025-06-24,120,1,-6.25
2025-06-24,180,1,12.0
2025-06-26,300,1,-6.75
2025-06-26,360,1,0.5
2025-06-27,30,1,-39.5
2025-06-27,120,1,-20.25
2025-07-01,90,-1,-42.0
2025-07-01,330,-1,-46.0
2025-07-02,60,1,47.75
2025-07-09,30,1,-78.5
2025-07-10,30,-1,-73.25
2025-07-14,210,1,7.25
2025-07-16,30,-1,-52.0
2025-07-16,120,-1,-47.75
2025-07-17,30,1,95.75
2025-07-18,60,-1,-2.75
2025-07-21,30,1,-26.25
2025-07-21,150,1,-5.75
2025-07-21,360,1,-27.5
2025-07-22,30,-1,-104.25
2025-07-22,90,-1,14.75
2025-07-22,120,-1,-36.25
2025-07-22,240,-1,17.0
2025-07-22,270,-1,9.25
2025-07-22,300,-1,-38.25
2025-07-22,330,-1,15.75
2025-07-22,360,-1,13.5
2025-07-25,180,1,-20.0
2025-07-25,240,1,-9.75
2025-07-25,300,1,-12.5
2025-07-31,360,-1,33.75
2025-08-01,30,-1,-162.75
2025-08-01,60,-1,-28.25
2025-08-01,210,-1,3.25
2025-08-04,30,1,-58.0
2025-08-04,90,1,99.0
2025-08-05,90,-1,-37.25
2025-08-05,210,-1,-33.75
2025-08-05,300,-1,24.5
2025-08-06,90,1,136.0
2025-08-08,30,1,74.75
2025-08-12,150,1,80.25
2025-08-15,30,-1,-65.25
2025-08-15,90,-1,-20.25
2025-08-19,30,-1,202.25
2025-08-20,30,-1,-29.75
2025-08-20,120,-1,-70.5
2025-08-20,180,-1,45.25
2025-08-20,210,-1,-18.5
2025-08-20,240,-1,-1.5
2025-08-20,270,-1,45.5
2025-08-20,300,-1,-49.0
2025-08-20,330,-1,-65.0
2025-08-22,30,1,105.0
2025-08-28,270,1,1.5
2025-08-29,30,-1,69.0
2025-09-04,330,1,44.5
2025-09-15,30,1,0.0
2025-09-15,150,1,-26.5
2025-09-15,270,1,-16.5
2025-09-17,60,-1,-25.5
2025-09-17,330,-1,-111.0
2025-09-22,180,1,19.75
2025-09-23,30,-1,-24.5
2025-09-23,240,-1,34.5
2025-09-24,150,-1,-64.75
2025-09-24,270,-1,-22.5
2025-09-24,360,-1,-15.75
2025-09-25,30,-1,-165.5
2025-09-26,30,1,-167.25
2025-09-26,60,-1,-77.0
2025-09-29,30,1,-72.5
2025-09-30,240,-1,-32.5
2025-10-01,270,1,8.25
2025-10-03,270,-1,-80.75
2025-10-03,360,-1,5.25
2025-10-07,120,-1,16.25
2025-10-08,30,1,141.0
2025-10-09,60,-1,-22.75
2025-10-09,120,-1,-42.75
2025-10-09,210,-1,3.25
2025-10-09,300,-1,-25.5
2025-10-10,90,-1,703.75
2025-10-13,30,1,-88.25
2025-10-14,30,-1,-135.5
2025-10-15,60,1,-57.25
2025-10-16,300,-1,-82.5
2025-10-16,360,-1,-106.25
2025-10-17,180,1,-70.0
2025-10-17,300,1,-12.25
2025-10-20,30,1,70.5
2025-10-21,30,-1,-3.0
2025-10-22,60,-1,69.0
2025-10-23,30,1,64.5
2025-10-23,210,1,-33.25
2025-10-23,270,1,-27.0
2025-10-30,60,-1,-6.25
2025-11-05,30,1,57.0
2025-11-06,30,-1,74.0
2025-11-06,300,-1,3.75
2025-11-06,330,-1,146.0
2025-11-07,30,-1,48.25
2025-11-07,240,-1,3.25
2025-11-07,270,-1,-64.0
2025-11-10,30,1,-134.5
2025-11-10,330,1,1.0
2025-11-13,60,-1,276.25
2025-11-17,330,-1,-135.5
2025-11-18,30,-1,-116.5
2025-11-18,180,-1,-236.0
2025-11-19,30,1,-123.75
2025-11-20,180,-1,338.5
2025-11-21,270,1,-130.0
2025-11-24,30,1,230.25
2025-12-05,60,1,-87.75
2025-12-11,30,-1,-186.0
2025-12-11,120,-1,-25.75
2025-12-12,60,-1,109.0
2025-12-15,60,-1,-62.25
2025-12-19,30,1,-89.5
2025-12-19,60,1,-14.0
2025-12-19,120,1,27.0
2025-12-31,330,-1,59.75
2026-01-02,210,-1,-85.5
2026-01-06,30,1,-83.5
2026-01-06,270,1,6.25
2026-01-07,150,1,-31.0
2026-01-08,30,-1,-97.5
2026-01-08,60,-1,5.5
2026-01-08,120,-1,-56.5
2026-01-08,270,-1,-54.25
2026-01-09,60,1,-26.75
2026-01-09,120,1,63.0
2026-01-13,60,-1,-67.25
2026-01-14,30,-1,-44.25
2026-01-14,360,-1,-54.75
2026-01-21,30,1,-80.75
2026-01-21,300,1,-9.75
2026-01-23,90,1,-50.75
2026-01-23,180,1,-97.75
2026-01-26,90,1,9.25
2026-01-29,30,-1,-34.5
2026-01-29,180,-1,16.5
2026-01-29,240,-1,-14.25
2026-01-29,270,-1,-15.25
2026-01-29,300,-1,-0.5
2026-01-29,330,-1,-2.75
2026-01-29,360,-1,-141.25
2026-01-30,210,-1,-81.0
2026-01-30,360,-1,-58.0
2026-02-02,60,1,-27.75
2026-02-02,120,1,-35.5
2026-02-03,30,-1,162.75
2026-02-04,30,-1,69.75
2026-02-04,330,-1,85.25
2026-02-06,120,1,128.25
2026-02-09,120,1,-14.75
2026-02-09,270,1,-8.25
2026-02-12,90,-1,249.75
2026-02-17,30,-1,-6.5
2026-02-18,30,1,106.25
2026-02-20,90,1,-121.0
2026-02-20,150,1,-146.5
2026-02-23,90,-1,-25.75
2026-02-23,330,-1,-65.75
2026-02-24,60,1,-33.0
2026-02-24,180,1,-12.0
2026-02-25,30,1,-36.0
2026-02-25,330,1,-12.0
2026-02-26,30,-1,110.75
2026-02-26,330,-1,-21.0
2026-03-04,30,1,152.25
2026-03-09,360,1,86.75
2026-03-11,30,1,-148.0
2026-03-13,30,1,-54.25
2026-03-20,30,-1,-41.5
2026-03-20,150,-1,204.0
2026-03-23,30,1,-200.0
2026-03-26,180,-1,215.0
2026-03-27,30,-1,-71.0
2026-03-27,150,-1,230.0
2026-03-30,300,-1,27.75
2026-03-31,30,1,-143.75
2026-03-31,120,1,-20.25
2026-03-31,180,1,364.25
