code,strategie,marche,t,jours,jours_trade,dollars_par_jour_trade,dollars_total,t_2011_2016,t_2017_2022,jours_gagnants,bruit_max,bruit_moyen,etape1,etape2,jours_filtre,filtre_p95,etape3,survit
G1,Gamma negatif : suivre,NQ,-0.8130751875570826,2941,293,-20.16211604095563,-5907.5,-0.4477190758084513,-0.6827824221081596,0.5119453924914675,1.8608338936137854,0.3305197944861812,False,False,294.0,1.6648502700313235,False,False
G2,Gamma eleve : retour,NQ,-1.5297537890882176,2941,943,-1.6304347826086956,-1537.5,-2.6795999256725525,-0.13038727332570493,0.4496288441145281,0.9758702683417995,-1.0802630969229268,False,False,949.0,-0.3643922987569148,False,False
G3,Zone de bruit en gamma bas,NQ,1.8571679597444861,2941,857,9.855892648774796,8446.5,-0.9878303248477723,2.7762565069152387,0.45274212368728123,0.6193149232068845,-0.5141333749357704,False,False,1276.0,1.7890498725064212,True,False
D1,DIX eleve : achat,NQ,1.4278664223644069,2941,345,13.27536231884058,4580.0,0.13014917215775212,1.5469823913093266,0.5391304347826087,1.4278664223644069,1.4278664223644069,False,False,346.0,1.1062212130788478,True,False
V1,VIX en deport : suivre,NQ,-0.13564622544949673,2941,247,-5.301619433198381,-1309.5,-0.0391249527719776,-0.13485205502696557,0.5141700404858299,1.6777222425344924,0.08644289159620902,False,False,247.0,1.553527893081133,False,False
V2,VIX tres calme : retour,NQ,-2.456804024393481,2941,916,-7.168122270742358,-6566.0,-1.2314862273365066,-2.129788827053467,0.4410480349344978,-0.13460028132494095,-1.470696896505642,False,False,921.0,-0.5081167055890863,False,False
P1,Regle des 80 % (profil de volume),NQ,-1.4700867655220315,2941,675,-3.62,-2443.5,-1.4068594381150534,-0.8827402723307247,0.5525925925925926,0.15260899975326003,-1.0020252887450183,False,False,,,True,False
P2,Acceptation hors zone de valeur,NQ,0.051358475113229905,2941,872,1.496559633027523,1305.0,-0.24325622858161552,0.2734012800694575,0.42201834862385323,0.7639406965106967,-0.7560281991848685,False,False,,,True,False
P3,Rejet des bords de la zone de valeur,NQ,-1.735329040984654,2941,932,-2.519179184549356,-2347.875,-1.3861274830064125,-1.1302587220308034,0.3948497854077253,-0.16270373615023406,-2.88497464049876,False,False,,,True,False
G1,Gamma negatif : suivre,ES,-1.7876806069984,2941,292,-25.578767123287673,-7469.0,-0.5530462943552928,-1.7349589788544686,0.4965753424657534,2.821495763906425,0.0668815888657375,False,False,294.0,0.8962063031710572,False,False
G2,Gamma eleve : retour,ES,-3.2831415692616988,2941,926,-7.421166306695464,-6872.0,-1.5873759215385435,-2.9191047631669216,0.4557235421166307,0.05871588680253964,-1.383333209318055,False,False,951.0,-0.23922180369557502,False,False
G3,Zone de bruit en gamma bas,ES,0.07661548407094153,2941,871,2.4747416762342134,2155.5,-2.3668609750481884,1.5821404944251567,0.4052812858783008,-1.8818195211636222,-2.9292196399416826,False,False,1275.0,0.19629808698095316,False,False
D1,DIX eleve : achat,ES,1.7273901707411403,2941,346,11.345375722543352,3925.5,0.2996523096598116,1.804758266733576,0.5520231213872833,1.7273901707411403,1.7273901707411405,False,False,346.0,0.8845957388052778,True,False
V1,VIX en deport : suivre,ES,-1.4132302278510451,2941,247,-17.62246963562753,-4352.75,-0.4681531638073488,-1.3795581767433822,0.46558704453441296,2.6294761860442266,-0.05224469080238934,False,False,247.0,0.8553304557384528,False,False
V2,VIX tres calme : retour,ES,-2.475628700089974,2941,902,-3.793237250554324,-3421.5,-1.8980848148378353,-1.6519821404925652,0.4634146341463415,1.0393023232671945,-0.864230684568423,False,False,922.0,-0.029414983941929092,False,False
P1,Regle des 80 % (profil de volume),ES,-0.5578868940310749,2941,665,0.17481203007518797,116.25,-1.269581059413206,0.21133821619554927,0.5669172932330827,-1.2549516786066492,-2.9784804320026717,False,False,,,True,False
P2,Acceptation hors zone de valeur,ES,-2.357806701500276,2941,843,-3.045373665480427,-2567.25,-3.3981649098951556,-0.28901337070627015,0.37129300118623965,-2.269193087378907,-3.602760277477741,False,False,,,True,False
P3,Rejet des bords de la zone de valeur,ES,-4.05269789530454,2941,918,-3.7248774509803924,-3419.4375,-4.893817705055865,-1.4285010804540508,0.39324618736383443,-2.059822814368264,-4.328874598842292,False,False,,,True,False
