f_ch,f_av,f_ap,marge,net_an,recu_an,challenges_an,perdus_an,reussis,retraits_an,rien,mediane_recu_an
0.15,0.15,0.15,1000,-164.1,79.93,1.488,0.9877,0.5521,0.091,0.8691,0
0.25,0.25,0.15,0,-164.6,318.9,2.948,2.448,1.204,0.1994,0.7076,0
0.25,0.25,0.15,1000,-177.7,305.8,2.948,2.448,1.204,0.1994,0.7076,0
0.15,0.25,0.15,0,-178.9,78.99,1.573,1.073,0.6155,0.05112,0.8978,0
0.15,0.15,0.15,0,-184.1,60.51,1.492,0.9918,0.5583,0.0726,0.8548,0
0.15,0.5,0.15,0,-184.4,78.53,1.603,1.103,0.6544,0.04908,0.9018,0
0.15,0.5,0.15,1000,-186.2,76.73,1.603,1.103,0.6544,0.04908,0.9018,0
0.15,0.35,0.15,0,-187.8,78.53,1.624,1.124,0.6626,0.04908,0.9018,0
0.15,0.35,0.15,1000,-187.8,78.53,1.624,1.124,0.6626,0.04908,0.9018,0
0.25,0.15,0.15,0,-191.4,249.6,2.689,2.189,1.2,0.181,0.6483,0
0.25,0.15,0.15,1000,-201.6,239.2,2.688,2.188,1.2,0.18,0.6585,0
0.25,0.35,0.15,1000,-205.7,266.7,2.88,2.38,1.35,0.1667,0.6667,0
0.25,0.35,0.15,0,-205.7,266.7,2.88,2.38,1.35,0.1667,0.6667,0
0.15,0.25,0.15,1000,-217.7,40.22,1.573,1.073,0.6155,0.05112,0.8978,0
0.15,0.15,0.5,0,-221.9,46.79,1.638,1.138,0.6299,0.05317,0.8937,0
0.15,0.25,0.25,0,-227,44.17,1.653,1.153,0.6319,0.02761,0.9448,0
0.15,0.25,0.25,1000,-227,44.17,1.653,1.153,0.6319,0.02761,0.9448,0
0.15,0.15,0.35,0,-227.1,40.34,1.631,1.131,0.636,0.03988,0.9202,0
0.15,0.15,0.25,0,-227.4,37.08,1.612,1.112,0.6319,0.04192,0.9162,0
0.15,0.15,0.25,1000,-233.1,31.02,1.61,1.11,0.6278,0.03988,0.9202,0
0.25,0.5,0.15,0,-235.7,251.9,2.973,2.473,1.378,0.1575,0.6851,0
0.15,0.5,0.25,0,-236.8,40.9,1.693,1.193,0.6728,0.02556,0.9489,0
0.15,0.5,0.25,1000,-236.8,40.9,1.693,1.193,0.6728,0.02556,0.9489,0
0.15,0.35,0.25,0,-237.8,40.9,1.699,1.199,0.6769,0.02556,0.9489,0
0.15,0.35,0.25,1000,-237.8,40.9,1.699,1.199,0.6769,0.02556,0.9489,0
0.25,0.5,0.15,1000,-241.2,246.4,2.973,2.473,1.378,0.1575,0.6851,0
0.15,0.15,0.35,1000,-242.6,22.7,1.618,1.118,0.636,0.03783,0.9243,0
0.15,0.15,0.5,1000,-267.6,0.8679,1.637,1.137,0.6299,0.002045,0.9959,0
0.15,0.25,0.5,0,-278.2,0,1.696,1.196,0.6892,0,1,0
0.15,0.25,0.5,1000,-278.2,0,1.696,1.196,0.6892,0,1,0
0.15,0.25,0.35,0,-278.9,0,1.7,1.2,0.6892,0,1,0
0.15,0.25,0.35,1000,-278.9,0,1.7,1.2,0.6892,0,1,0
0.15,0.5,0.35,1000,-285.4,0,1.74,1.24,0.7423,0,1,0
0.15,0.5,0.35,0,-285.4,0,1.74,1.24,0.7423,0,1,0
0.15,0.35,0.35,0,-286.9,0,1.749,1.249,0.7423,0,1,0
0.15,0.35,0.35,1000,-286.9,0,1.749,1.249,0.7423,0,1,0
0.35,0.25,0.15,0,-290.7,391,4.156,3.656,1.076,0.2444,0.6196,0
0.15,0.5,0.5,1000,-291.3,0,1.776,1.276,0.8098,0,1,0
0.15,0.5,0.5,0,-291.3,0,1.776,1.276,0.8098,0,1,0
0.15,0.35,0.5,0,-292.6,0,1.784,1.284,0.7975,0,1,0
0.15,0.35,0.5,1000,-292.6,0,1.784,1.284,0.7975,0,1,0
0.35,0.25,0.15,1000,-295.7,386,4.156,3.656,1.076,0.2444,0.6196,0
0.25,0.35,0.25,1000,-310.5,198,3.1,2.6,1.476,0.1237,0.7566,0
0.25,0.35,0.25,0,-310.5,198,3.1,2.6,1.476,0.1237,0.7566,0
0.25,0.15,0.5,0,-322,130.3,2.758,2.258,1.368,0.1002,0.8037,0
0.25,0.15,0.5,1000,-350.1,102,2.757,2.257,1.368,0.06748,0.865,0
0.25,0.5,0.25,0,-350.9,193,3.317,2.817,1.611,0.1207,0.7628,0
0.25,0.5,0.25,1000,-350.9,193,3.317,2.817,1.611,0.1207,0.7628,0
0.25,0.25,0.25,1000,-377.5,109.6,2.97,2.47,1.27,0.06851,0.8671,0
0.25,0.25,0.25,0,-377.5,109.6,2.97,2.47,1.27,0.06851,0.8671,0
0.35,0.15,0.15,0,-434,298,4.463,3.963,1.08,0.1933,0.6217,0
0.35,0.15,0.15,1000,-441.3,290,4.459,3.959,1.078,0.1953,0.6217,0
0.25,0.15,0.25,0,-442.6,43.7,2.965,2.465,1.249,0.04703,0.9121,0
0.25,0.15,0.25,1000,-453.4,32.19,2.961,2.461,1.241,0.04192,0.9162,0
0.25,0.15,0.35,0,-463,33.72,3.029,2.529,1.364,0.03885,0.9223,0
0.25,0.25,0.35,0,-463.8,58.9,3.187,2.687,1.528,0.03681,0.9264,0
0.25,0.25,0.35,1000,-463.8,58.9,3.187,2.687,1.528,0.03681,0.9264,0
0.25,0.15,0.35,1000,-472.9,22.41,3.02,2.52,1.364,0.03783,0.9243,0
0.5,0.25,0.15,0,-476.9,464.5,5.74,5.24,1.773,0.2904,0.5767,0
0.35,0.35,0.15,1000,-478.7,274.8,4.595,4.095,1.164,0.1718,0.6585,0
0.35,0.35,0.15,0,-478.7,274.8,4.595,4.095,1.164,0.1718,0.6585,0
0.25,0.25,0.5,1000,-493.1,58.9,3.366,2.866,1.675,0.03681,0.9264,0
0.25,0.25,0.5,0,-493.1,58.9,3.366,2.866,1.675,0.03681,0.9264,0
0.5,0.15,0.15,0,-495.2,294.3,4.814,4.314,1.885,0.1933,0.6278,0
0.25,0.5,0.5,0,-498.4,99.8,3.647,3.147,1.965,0.06237,0.8753,0
0.25,0.5,0.5,1000,-498.4,99.8,3.647,3.147,1.965,0.06237,0.8753,0
0.5,0.15,0.15,1000,-508.2,279.6,4.804,4.304,1.883,0.1933,0.6278,0
0.25,0.5,0.35,1000,-514.6,63.8,3.527,3.027,1.748,0.03988,0.9202,0
0.25,0.5,0.35,0,-514.6,63.8,3.527,3.027,1.748,0.03988,0.9202,0
0.25,0.35,0.35,1000,-517.5,62.17,3.535,3.035,1.728,0.03885,0.9223,0
0.25,0.35,0.35,0,-517.5,62.17,3.535,3.035,1.728,0.03885,0.9223,0
0.25,0.35,0.5,1000,-520,81.8,3.67,3.17,2,0.05112,0.8978,0
0.25,0.35,0.5,0,-520,81.8,3.67,3.17,2,0.05112,0.8978,0
0.5,0.25,0.15,1000,-536.4,405,5.74,5.24,1.773,0.2689,0.5767,0
0.35,0.35,0.25,1000,-575.2,233.9,4.934,4.434,1.515,0.1462,0.7157,0
0.35,0.35,0.25,0,-575.2,233.9,4.934,4.434,1.515,0.1462,0.7157,0
0.35,0.5,0.15,0,-597.9,260.1,5.232,4.732,1.476,0.1626,0.6748,0
0.35,0.5,0.15,1000,-603.5,254.6,5.232,4.732,1.476,0.1626,0.6748,0
0.35,0.15,0.5,0,-619.4,136.5,4.609,4.109,1.46,0.1084,0.7894,0
0.35,0.25,0.25,0,-628.2,148.9,4.738,4.238,1.466,0.09305,0.8221,0
0.35,0.25,0.25,1000,-628.2,148.9,4.738,4.238,1.466,0.09305,0.8221,0
0.35,0.15,0.5,1000,-635.9,119.9,4.608,4.108,1.46,0.07566,0.8487,0
0.5,0.35,0.15,0,-638.2,420.4,6.455,5.955,2.227,0.2628,0.589,0
0.5,0.35,0.15,1000,-638.2,420.4,6.455,5.955,2.227,0.2628,0.589,0
0.35,0.25,0.35,0,-669.7,140.7,4.942,4.442,1.816,0.08793,0.8262,0
0.35,0.25,0.35,1000,-669.7,140.7,4.942,4.442,1.816,0.08793,0.8262,0
0.35,0.25,0.5,1000,-714.8,139.1,5.207,4.707,1.722,0.08691,0.8262,0
0.35,0.25,0.5,0,-714.8,139.1,5.207,4.707,1.722,0.08691,0.8262,0
0.35,0.35,0.35,0,-735,142.3,5.35,4.85,1.859,0.08896,0.8241,0
0.35,0.35,0.35,1000,-735,142.3,5.35,4.85,1.859,0.08896,0.8241,0
0.35,0.15,0.25,0,-750.7,56.17,4.92,4.42,1.243,0.03681,0.9264,0
0.35,0.15,0.25,1000,-751.3,55.77,4.921,4.421,1.241,0.03681,0.9264,0
0.5,0.15,0.35,0,-765.9,107.1,5.323,4.823,2.182,0.08691,0.8262,0
0.35,0.35,0.5,1000,-770.9,140.7,5.558,5.058,1.978,0.08793,0.8241,0
0.35,0.35,0.5,0,-770.9,140.7,5.558,5.058,1.978,0.08793,0.8241,0
0.5,0.15,0.35,1000,-773.5,98.99,5.32,4.82,2.182,0.07669,0.8466,0
0.5,0.15,0.5,0,-776,92.65,5.297,4.797,2.299,0.08078,0.8425,0
0.5,0.5,0.15,0,-784.4,394.3,7.187,6.687,2.892,0.2464,0.6196,0
0.5,0.5,0.15,1000,-784.5,394.1,7.187,6.687,2.892,0.2464,0.6196,0
0.5,0.15,0.5,1000,-794.6,73.04,5.29,4.79,2.286,0.04908,0.9018,0
0.5,0.15,0.25,0,-801.8,71.86,5.327,4.827,1.992,0.05112,0.8998,0
0.5,0.15,0.25,1000,-805.1,69.59,5.333,4.833,1.988,0.0501,0.8998,0
0.35,0.15,0.35,0,-813.5,19.89,5.082,4.582,1.431,0.02556,0.9489,0
0.35,0.15,0.35,1000,-830.3,3.979,5.087,4.587,1.431,0.003067,0.9939,0
0.35,0.5,0.25,1000,-880.9,94.89,5.95,5.45,1.675,0.0593,0.8814,0
0.35,0.5,0.25,0,-880.9,94.89,5.95,5.45,1.675,0.0593,0.8814,0
0.5,0.25,0.25,0,-895.7,158.7,6.429,5.929,2.225,0.09918,0.8119,0
0.5,0.25,0.25,1000,-895.7,158.7,6.429,5.929,2.225,0.09918,0.8119,0
0.5,0.25,0.35,1000,-1003,157.1,7.074,6.574,2.542,0.09816,0.8098,0
0.5,0.25,0.35,0,-1003,157.1,7.074,6.574,2.542,0.09816,0.8098,0
0.5,0.35,0.25,0,-1029,157.1,7.231,6.731,2.618,0.09816,0.8119,0
0.5,0.35,0.25,1000,-1029,157.1,7.231,6.731,2.618,0.09816,0.8119,0
0.35,0.5,0.35,1000,-1033,1.636,6.311,5.811,1.949,0.001022,0.998,0
0.35,0.5,0.35,0,-1033,1.636,6.311,5.811,1.949,0.001022,0.998,0
0.5,0.25,0.5,1000,-1041,152.1,7.276,6.776,2.898,0.09509,0.8098,0
0.5,0.25,0.5,0,-1041,152.1,7.276,6.776,2.898,0.09509,0.8098,0
0.5,0.5,0.5,1000,-1081,373,8.865,8.365,3.687,0.2331,0.6483,0
0.5,0.5,0.5,0,-1081,373,8.865,8.365,3.687,0.2331,0.6483,0
0.5,0.5,0.35,1000,-1099,256.9,8.266,7.766,3.272,0.1605,0.683,0
0.5,0.5,0.35,0,-1099,256.9,8.266,7.766,3.272,0.1605,0.683,0
0.35,0.5,0.5,1000,-1100,1.636,6.72,6.22,2.286,0.001022,0.998,0
0.35,0.5,0.5,0,-1100,1.636,6.72,6.22,2.286,0.001022,0.998,0
0.5,0.35,0.35,0,-1140,189.8,8.108,7.608,3.104,0.1186,0.7669,0
0.5,0.35,0.35,1000,-1146,182.1,8.097,7.597,3.104,0.1186,0.7669,0
0.5,0.5,0.25,1000,-1212,160.3,8.369,7.869,3.679,0.1002,0.8078,0
0.5,0.5,0.25,0,-1212,160.3,8.369,7.869,3.679,0.1002,0.8078,0
0.5,0.35,0.5,1000,-1256,152.1,8.587,8.087,3.573,0.09509,0.8098,0
0.5,0.35,0.5,0,-1256,152.1,8.587,8.087,3.573,0.09509,0.8098,0
