code,strategie,marche,t,jours,jours_trade,dollars_par_jour_trade,dollars_total,t_2011_2016,t_2017_2022,jours_gagnants,bruit_max,bruit_moyen,etape1,jours_hasard_p95,etape2
1,Meme demi-heure (debut et fin),NQ,-7.694348946429969,2941,2912,-8.540350274725276,-24869.5,-8.535238801808452,-3.3219032150969325,0.42857142857142855,-6.67218196260097,-8.396395703786613,False,,False
2,Meme demi-heure (toute la journee),NQ,-24.21244996492322,2941,2913,-46.543254376930996,-135580.5,-26.774310784868202,-10.201846645890807,0.26570545829042225,-19.39464965376117,-21.97342294497703,False,,False
3,Reequilibrage de fin de mois,NQ,0.6348927925561256,2941,296,6.530405405405405,1933.0,-0.9429670988445129,1.068649344550891,0.46283783783783783,0.6348927925561256,0.6348927925561257,False,1.3373750566727325,False
4,Fin de seance apres grand mouvement,NQ,0.7767252009500853,2941,559,4.4186046511627906,2470.0,-0.999787540587707,1.168838846306647,0.481216457960644,1.070006799192371,-0.489019870604216,False,,False
5,Cassure du range de la nuit,NQ,-0.085358375354517,2941,2849,1.9158476658476657,5458.25,-2.038014424666375,1.348072004788413,0.3552123552123552,1.053085417180976,0.35348742376197556,False,,False
6,Rejet du range de la nuit,NQ,-4.004793281115959,2941,2516,-3.011426868044515,-7576.75,-5.0166780185229225,-1.2822544079687623,0.3465818759936407,-3.920221957203577,-5.736302834187961,False,,False
7,Rebond apres forte baisse,NQ,1.7995957636336206,2941,287,22.39721254355401,6428.0,-0.07746369026578434,2.0941616455858516,0.5505226480836237,1.7995957636336206,1.7995957636336204,False,1.428697076461096,False
8,Modele appris a 10 h,NQ,1.0895692875056004,2941,1593,5.241682360326428,8350.0,-1.1852356493038483,1.78983290970234,0.5392341494036409,9.731921118216967,7.944845186898166,False,,False
1,Meme demi-heure (debut et fin),ES,-10.089963943926765,2941,2921,-9.15448476549127,-26740.25,-11.130855839066124,-4.429356928614091,0.38103389250256764,-11.688259655641549,-13.116307978831461,False,,False
2,Meme demi-heure (toute la journee),ES,-38.082924331060056,2941,2921,-63.88000684697022,-186593.5,-37.30183380778341,-19.264067289238575,0.16535433070866143,-30.685361192931598,-33.31328469663917,False,,False
3,Reequilibrage de fin de mois,ES,0.14898287036866348,2941,276,-1.9139492753623188,-528.25,0.5976532756266151,-0.08183191166855182,0.4927536231884058,0.14898287036866348,0.14898287036866348,False,0.5993681452372888,False
4,Fin de seance apres grand mouvement,ES,0.5247437912372228,2941,562,1.8056049822064058,1014.75,-0.044759771068606215,0.5711286942911281,0.46619217081850534,-0.09478128428081857,-2.068791296499918,False,,False
5,Cassure du range de la nuit,ES,-1.590321043337391,2941,2774,-1.5466834895457822,-4290.5,-2.6466033408653464,0.06481739970992761,0.38139870223503963,-2.081477732765307,-3.2574087693433365,False,,False
6,Rejet du range de la nuit,ES,-6.750293270526017,2941,2520,-4.991815476190476,-12579.375,-6.080770926253585,-3.7319578861906626,0.3488095238095238,-4.531376917535744,-6.226730367754703,False,,False
7,Rebond apres forte baisse,ES,1.48423737162287,2941,275,14.45,3973.75,0.15135968457290094,1.569428784772803,0.5418181818181819,1.48423737162287,1.4842373716228703,False,1.309938446528472,False
8,Modele appris a 10 h,ES,-0.42960162281154785,2941,1233,-1.4120032441200325,-1741.0,-1.3426162141145639,0.1379241543799384,0.5223033252230332,7.317396159814311,5.57437511177527,False,,False
