jour,minute,sens,points,delta30,garde
2026-04-01,60,1,-51.25,0.021671826625386997,True
2026-04-06,30,1,-83.25,0.03254437869822485,True
2026-04-07,30,-1,-15.5,-0.02789010714136824,True
2026-04-07,150,-1,-76.25,0.025227497972790343,False
2026-04-14,60,1,192.25,0.06547521451604088,True
2026-04-15,90,1,-4.75,0.01987850259215674,True
2026-04-15,300,1,110.0,0.07252088241593489,True
2026-04-17,120,1,-53.25,0.018578426841667436,True
2026-04-17,180,1,-9.75,0.06256239600665557,True
2026-04-20,90,-1,-41.5,-0.030023376359386116,True
2026-04-22,270,1,-34.0,-0.016059335698161883,False
2026-04-23,270,-1,-80.25,-0.0346223986269041,True
2026-04-24,120,1,98.25,0.02410778488438103,True
2026-04-28,120,-1,-13.5,-0.01651051034927112,True
2026-04-29,90,1,-22.75,0.02727712174573579,True
2026-04-30,30,-1,-125.25,-0.025179991235209417,True
2026-05-01,30,1,-46.75,0.0626441579759159,True
2026-05-01,330,1,15.0,-0.039931430876273065,False
2026-05-04,210,-1,-78.0,0.0022673720713110744,False
2026-05-05,30,1,61.0,0.0009268158725799808,True
2026-05-06,30,1,-33.5,0.009701602234308394,True
2026-05-06,90,1,167.75,0.04048162756902637,True
2026-05-07,60,1,2.75,0.05418293936279548,True
2026-05-08,30,1,234.75,0.04071684361640032,True
2026-05-11,150,1,-48.25,0.01047887323943662,True
2026-05-12,30,-1,42.75,-0.01908790130040115,True
2026-05-13,210,1,8.0,0.022577405126861436,True
2026-05-14,30,1,67.5,0.01744040777572335,True
2026-05-14,240,1,24.0,-0.028473946965705828,False
2026-05-15,30,-1,-156.0,0.00555233465637961,False
2026-05-18,120,-1,-154.0,-0.0358368196206034,True
2026-05-20,60,1,-4.5,0.050633095407696,True
2026-05-20,240,1,103.0,0.019537414965986395,True
2026-05-26,30,1,-20.75,0.017376360511743363,True
2026-05-27,60,-1,-39.0,-0.05396277933462672,True
2026-05-28,90,1,94.25,-0.0003130380341211457,False
2026-05-29,30,1,-108.5,0.03298236711911709,True
2026-06-01,240,1,-40.75,0.02885626743494764,True
2026-06-03,30,-1,-106.25,-0.03750228301235871,True
2026-06-05,30,-1,766.75,-0.03254758948387286,True
2026-06-08,90,1,-89.75,-0.0014979926897956738,False
2026-06-09,90,-1,208.25,-0.015226764176172023,True
2026-06-09,300,-1,-20.25,0.01068961338019634,False
2026-06-09,330,-1,-74.25,0.008682298741952631,False
2026-06-10,330,-1,55.25,-0.010748454663569431,True
2026-06-11,30,1,-133.25,0.00965587647284019,True
2026-06-11,240,1,272.0,0.04073994867408041,True
2026-06-12,90,1,-194.25,0.01024203238542084,True
2026-06-15,120,1,19.0,0.018764757052317633,True
2026-06-16,60,-1,345.25,-0.11917576503152391,True
2026-06-24,90,1,-67.75,0.00758489453512369,True
2026-06-24,330,-1,-73.75,-0.014240455694582226,True
2026-06-25,30,-1,-223.75,-0.03910538138490087,True
2026-06-29,210,1,111.0,0.03608189118877955,True
2026-06-30,30,1,196.25,0.03153617954340256,True
2026-07-02,30,1,-295.5,0.012001442233401438,True
2026-07-02,90,-1,302.75,-0.038757718852161276,True
2026-07-06,60,1,-21.75,0.02679286710381865,True
2026-07-06,120,1,-28.0,0.01688526481787761,True
2026-07-07,60,-1,-89.25,-0.039188828604465,True
2026-07-13,300,-1,-27.75,-0.005410523468145543,True
2026-07-13,360,-1,-30.0,-0.14923780487804877,True
2026-07-15,90,-1,-11.5,-0.0120444024987641,True
2026-07-15,150,-1,-35.75,-0.009190203531732666,True
2026-07-16,360,-1,-70.25,-0.04057607508394352,True
2026-07-23,90,-1,-12.5,-0.017115317282145284,True
2026-07-24,30,-1,-95.25,-0.0193214940352775,True
2026-07-24,300,-1,48.5,-0.012837728957404523,True
2026-07-27,60,-1,-104.0,-0.04669279845177374,True
2026-07-27,210,-1,-126.75,0.020424445508217648,False
2026-07-28,30,-1,-107.25,0.0032203068763023298,False
2026-07-28,90,-1,-125.75,0.03135744480976985,False
2026-07-29,30,-1,-101.75,-0.016015138228642638,True
2026-07-30,30,1,-130.25,0.023522870128614252,True
2026-07-30,90,1,-21.25,-0.038301350667548945,False
2026-07-30,150,1,157.5,-0.009983310575026551,False
2026-08-03,30,1,298.25,0.027594365577198195,True
2026-08-04,30,1,419.0,0.027489439950964062,True
2026-08-13,30,1,-54.0,0.04181311709714586,True
2026-08-13,180,1,-3.25,0.018469081994007083,True
2026-08-24,30,-1,-28.25,-0.027325262790813532,True
2026-08-24,60,-1,-30.25,0.013639049757711854,False
2026-08-24,90,-1,-62.75,0.02781494661921708,False
2026-08-27,180,1,8.75,0.022878395131297195,True
2026-08-28,90,1,-29.5,0.027136165401389113,True
2026-08-28,150,-1,36.0,-0.007822063613917879,True
2026-08-28,300,-1,-16.25,-0.022408404814149876,True
2026-09-03,60,1,173.25,0.018155319591921716,True
2026-09-04,30,1,-114.5,-0.0019997686218123523,False
2026-09-08,30,-1,-9.5,-0.013258500081340491,True
2026-09-15,60,-1,56.25,-0.013261296660117878,True
2026-09-21,30,1,364.25,0.02466484645826303,True
2026-09-22,30,1,-3.5,0.0348156720119028,True
2026-09-22,120,1,-10.5,-0.013500192859897998,False
2026-09-22,210,1,88.0,0.012798105654845803,True
2026-09-23,30,-1,52.0,-0.011680532445923462,True
2026-09-23,90,-1,42.25,0.03630427557623507,False
2026-09-28,60,-1,-123.0,-0.013174688130429412,True
2026-09-30,30,1,-15.25,0.02281465637970107,True
