t,sharpe,dollars_1_micro,perte_max_1_micro,en_position,trades,trades_gagnants,gain_moyen,perte_moyenne,marche,source,hasard_part_battue,hasard_t_95,corr_rsi2,tri,survit
-0.028,-0.008,-3274.0,-8761.0,0.219,159,0.535,220.6,-297.7,NQ,W1 semaine de l'echeance des options,0.087,2.538,0.076,True,False
0.193,0.056,-1585.5,-5624.5,0.219,154,0.532,165.3,-210.2,ES,W1 semaine de l'echeance des options,0.167,2.487,0.065,False,False
2.035,0.588,9096.5,-5088.5,0.515,323,0.601,230.5,-276.2,NQ,W2 semaines paires du cycle de la Fed,0.686,2.793,0.302,True,False
1.347,0.389,4985.8,-4705.0,0.514,324,0.593,170.2,-209.8,ES,W2 semaines paires du cycle de la Fed,0.422,2.662,0.288,False,False
1.847,0.534,4781.5,-1577.5,0.027,20,0.7,589.9,-579.4,NQ,"W3 reequilibrage de fin de mois, achat",0.918,2.105,0.055,True,False
1.986,0.574,3465.0,-926.2,0.027,20,0.75,385.9,-464.8,ES,"W3 reequilibrage de fin de mois, achat",0.943,2.084,0.059,False,False
-0.435,-0.126,-403.5,-3406.5,0.029,22,0.455,384.1,-353.7,NQ,"W4 reequilibrage de fin de mois, vente",0.573,1.01,-0.084,True,False
-0.633,-0.183,-445.2,-1829.0,0.029,22,0.364,189.9,-140.3,ES,"W4 reequilibrage de fin de mois, vente",0.495,1.033,-0.073,False,False
0.702,0.203,2895.0,-2291.0,0.032,23,0.652,391.2,-371.6,NQ,W5 RSI(2) vendeur,0.933,0.859,-0.001,True,False
0.651,0.188,1721.2,-1351.5,0.033,25,0.6,234.1,-179.0,ES,W5 RSI(2) vendeur,0.921,0.847,-0.001,False,False
0.716,0.207,2363.4,-2367.1,0.366,164,0.555,140.5,-142.8,NQ,W6 ecart NQ / ES,0.765,1.382,0.235,True,False
1.62,0.469,5344.5,-9596.0,0.483,37,0.676,785.9,-1191.9,NQ,W7 novembre - avril,0.247,3.233,0.27,True,False
2.065,0.597,8342.2,-5044.5,0.483,37,0.757,591.2,-912.3,ES,W7 novembre - avril,0.556,3.141,0.243,False,False
