signal,duree,famille,case,signaux,seances,brut,net_MES,t_MES,efficace_MES,net_ES,t_ES,efficace_ES
carnet fort,1,heure,9h31-10h,173,23,0.861271676300578,-1.738728323699422,-1.7522533866205152,False,-0.5387283236994219,-0.25420311444802063,False
carnet fort,1,heure,10h-11h,328,23,0.6280487804878049,-1.9719512195121953,-4.373613122371292,False,-0.771951219512195,-1.460624499397434,False
carnet fort,1,heure,11h-12h,291,23,0.8762886597938144,-1.7237113402061857,-3.472593953024077,False,-0.5237113402061855,-1.1464121469874227,False
carnet fort,1,heure,12h-13h,252,23,1.0238095238095237,-1.5761904761904764,-2.700114942340012,False,-0.3761904761904762,-0.5763171199370903,False
carnet fort,1,heure,13h-14h,259,23,0.6872586872586872,-1.9127413127413129,-8.218090534705794,False,-0.7127413127413127,-3.2895743749611777,False
carnet fort,1,heure,14h-15h,258,23,0.16472868217054262,-2.4352713178294576,-6.633845788668167,False,-1.2352713178294572,-3.1201249857333364,False
carnet fort,1,heure,15h-15h53,205,23,-0.21707317073170732,-2.8170731707317076,-5.593566564973998,False,-1.6170731707317072,-3.2595391887754426,False
carnet fort,1,volatilite,faible,503,23,0.4294234592445328,-2.170576540755467,-10.762543510796126,False,-0.9705765407554672,-5.206942521499855,False
carnet fort,1,volume,faible,539,23,-0.06493506493506493,-2.664935064935065,-10.508048057376026,False,-1.4649350649350648,-5.62220945535326,False
carnet fort,1,volatilite,moyenne,546,23,0.6336996336996337,-1.9663003663003664,-6.016197790274801,False,-0.7663003663003662,-2.2590516144796937,False
carnet fort,1,volume,moyenne,543,23,0.64548802946593,-1.95451197053407,-6.5702178089292325,False,-0.7545119705340699,-2.5319398168923652,False
carnet fort,1,volatilite,forte,633,23,0.6808846761453397,-1.9191153238546605,-5.308775336274922,False,-0.7191153238546603,-1.6921025524368407,False
carnet fort,1,volume,forte,689,23,1.0573294629898404,-1.5426705370101597,-4.35266702207734,False,-0.3426705370101595,-0.7779532766472186,False
carnet fort,1,sens du jour,avec,872,23,0.5923165137614679,-2.007683486238532,-8.86631027540498,False,-0.807683486238532,-3.6049176786268173,False
carnet fort,1,sens du jour,contre,885,23,0.5757062146892655,-2.024293785310735,-8.372945823179204,False,-0.8242937853107344,-3.190601134183068,False
carnet fort,5,heure,9h31-10h,173,23,0.8757225433526011,-1.7242774566473988,-0.5181983293949576,False,-0.5242774566473988,0.3125382511335543,False
carnet fort,5,heure,10h-11h,328,23,-0.010670731707317074,-2.6106707317073172,-2.3845451815893264,False,-1.410670731707317,-1.0595856707653966,False
carnet fort,5,heure,11h-12h,291,23,1.9759450171821307,-0.6240549828178694,-0.7716166123575865,False,0.5759450171821308,0.53654382496674,False
carnet fort,5,heure,12h-13h,252,23,2.4523809523809526,-0.14761904761904754,-0.2633456413810368,False,1.0523809523809526,0.6195464722567224,False
carnet fort,5,heure,13h-14h,259,23,1.1988416988416988,-1.4011583011583013,-3.233298921006207,False,-0.20115830115830113,-1.159139791083629,False
carnet fort,5,heure,14h-15h,258,23,1.6550387596899225,-0.9449612403100776,-1.3089048319389718,False,0.2550387596899226,0.22293805957832358,False
carnet fort,5,heure,15h-15h53,205,23,1.726829268292683,-0.8731707317073172,-1.447304155011928,False,0.326829268292683,-0.048450877524951745,False
carnet fort,5,volatilite,faible,503,23,0.4433399602385686,-2.1566600397614315,-5.733079892414351,False,-0.9566600397614313,-2.494288349728583,False
carnet fort,5,volume,faible,539,23,0.437847866419295,-2.162152133580705,-4.17373817734045,False,-0.9621521335807048,-1.7119082447163831,False
carnet fort,5,volatilite,moyenne,546,23,2.1016483516483517,-0.49835164835164836,-0.01194115269857841,False,0.7016483516483518,1.6116658282131422,False
carnet fort,5,volume,moyenne,543,23,1.3333333333333333,-1.2666666666666668,-2.0217743595726487,False,-0.06666666666666665,-0.27167882188943804,False
carnet fort,5,volatilite,forte,633,23,1.721169036334913,-0.8788309636650871,-1.1441531276594408,False,0.3211690363349131,0.3072532915093163,False
carnet fort,5,volume,forte,689,23,2.1777939042089987,-0.42220609579100143,-0.17368150014936737,False,0.7777939042089987,1.3207641263034644,False
carnet fort,5,sens du jour,avec,872,23,0.8394495412844036,-1.7605504587155965,-2.6578357283841814,False,-0.5605504587155963,-0.5700152806768152,False
carnet fort,5,sens du jour,contre,885,23,1.8175141242937853,-0.7824858757062148,-1.307648306952397,False,0.4175141242937854,0.6133209482487719,False
OFI fort,1,heure,9h31-10h,0,0,,,,False,,,False
OFI fort,1,heure,10h-11h,312,23,-0.5849358974358975,-3.1849358974358974,-4.421891859725072,False,-1.9849358974358973,-2.5128870648543162,False
OFI fort,1,heure,11h-12h,262,23,0.8396946564885496,-1.7603053435114506,-3.728601076471587,False,-0.5603053435114503,-1.5734602832189222,False
OFI fort,1,heure,12h-13h,220,23,0.8613636363636363,-1.7386363636363638,-2.566455958385912,False,-0.5386363636363636,-0.9278143638492975,False
OFI fort,1,heure,13h-14h,243,23,0.42592592592592593,-2.174074074074074,-8.53292116503437,False,-0.974074074074074,-4.055510070961881,False
OFI fort,1,heure,14h-15h,308,23,0.21266233766233766,-2.3873376623376625,-4.611199888433696,False,-1.1873376623376624,-2.211187307745944,False
OFI fort,1,heure,15h-15h53,285,23,-0.6140350877192983,-3.2140350877192985,-8.419249994765016,False,-2.0140350877192983,-5.1049193783334585,False
OFI fort,1,volatilite,faible,541,23,-0.08133086876155268,-2.681330868761553,-8.059727501266535,False,-1.4813308687615525,-4.649632158939112,False
OFI fort,1,volume,faible,373,23,-0.14075067024128687,-2.740750670241287,-10.864949574009854,False,-1.5407506702412868,-6.445584400482507,False
OFI fort,1,volatilite,moyenne,561,23,0.3057040998217469,-2.2942959001782532,-6.56960535863123,False,-1.094295900178253,-2.864773155258853,False
OFI fort,1,volume,moyenne,595,23,-0.01764705882352941,-2.6176470588235294,-14.294542912018702,False,-1.4176470588235293,-7.741580588476693,False
OFI fort,1,volatilite,forte,532,23,0.17199248120300753,-2.4280075187969925,-5.54381079181767,False,-1.2280075187969923,-2.901022916731856,False
OFI fort,1,volume,forte,666,23,0.42342342342342343,-2.1765765765765765,-5.322103731526314,False,-0.9765765765765765,-2.2713680452621645,False
OFI fort,1,sens du jour,avec,855,23,0.18947368421052632,-2.4105263157894736,-8.336366668029486,False,-1.2105263157894737,-4.19610715109579,False
OFI fort,1,sens du jour,contre,774,23,0.059431524547803614,-2.5405684754521967,-8.678151324037518,False,-1.3405684754521963,-4.512403362273006,False
OFI fort,5,heure,9h31-10h,0,0,,,,False,,,False
OFI fort,5,heure,10h-11h,312,23,1.6394230769230769,-0.9605769230769232,-0.6125286092486883,False,0.23942307692307696,0.3483947382966691,False
OFI fort,5,heure,11h-12h,262,23,0.15458015267175573,-2.4454198473282442,-2.8551701786957304,False,-1.245419847328244,-1.684244729209221,False
OFI fort,5,heure,12h-13h,220,23,0.6022727272727273,-1.9977272727272728,-2.272764381436319,False,-0.7977272727272726,-0.8093357061473515,False
OFI fort,5,heure,13h-14h,243,23,-1.2407407407407407,-3.840740740740741,-7.270003507981681,False,-2.640740740740741,-5.139635697521856,False
OFI fort,5,heure,14h-15h,308,23,0.3409090909090909,-2.2590909090909093,-1.7586217292007433,False,-1.059090909090909,-0.8992526731621698,False
OFI fort,5,heure,15h-15h53,285,23,-0.9017543859649123,-3.5017543859649125,-3.22069971168859,False,-2.3017543859649123,-1.895326409085463,False
OFI fort,5,volatilite,faible,541,23,-0.34935304990757854,-2.949353049907579,-4.9644826067336645,False,-1.7493530499075785,-3.055017199905789,False
OFI fort,5,volume,faible,373,23,-0.03753351206434316,-2.6375335120643433,-1.7476978793696287,False,-1.437533512064343,-0.5380384635208075,False
OFI fort,5,volatilite,moyenne,561,23,-0.15240641711229946,-2.7524064171122995,-3.924123628233803,False,-1.5524064171122993,-2.1322795156145267,False
OFI fort,5,volume,moyenne,595,23,-0.42016806722689076,-3.0201680672268907,-7.597304039125129,False,-1.8201680672268907,-4.613535946139658,False
OFI fort,5,volatilite,forte,532,23,0.9332706766917294,-1.6667293233082707,-1.9797361651058836,False,-0.46672932330827055,-0.8167085563693429,False
OFI fort,5,volume,forte,666,23,0.7297297297297297,-1.8702702702702703,-1.7605968401637246,False,-0.6702702702702702,-0.551104173647748,False
OFI fort,5,sens du jour,avec,855,23,0.14035087719298245,-2.4596491228070176,-5.519825380419937,False,-1.2596491228070175,-2.9609804720391977,False
OFI fort,5,sens du jour,contre,774,23,0.12919896640826872,-2.4708010335917314,-3.12369676097936,False,-1.2708010335917312,-1.6305943011171375,False
delta fort,1,heure,9h31-10h,77,19,-0.2532467532467532,-2.8532467532467534,-1.575292503379207,False,-1.6532467532467532,-0.8756171317484424,False
delta fort,1,heure,10h-11h,190,23,0.3026315789473684,-2.2973684210526315,-6.114300438520362,False,-1.0973684210526315,-3.3157344172615724,False
delta fort,1,heure,11h-12h,230,23,0.3673913043478261,-2.232608695652174,-3.978647564825657,False,-1.0326086956521738,-1.7644226712714042,False
delta fort,1,heure,12h-13h,299,23,0.49331103678929766,-2.1066889632107024,-3.6420877704379446,False,-0.9066889632107022,-1.566329252672321,False
delta fort,1,heure,13h-14h,316,23,-0.3924050632911392,-2.992405063291139,-9.570421765122342,False,-1.792405063291139,-5.871437524993819,False
delta fort,1,heure,14h-15h,346,23,0.32514450867052025,-2.27485549132948,-8.122887228648466,False,-1.0748554913294797,-4.091145677414623,False
delta fort,1,heure,15h-15h53,305,23,-0.42131147540983604,-3.0213114754098362,-9.547504121384984,False,-1.821311475409836,-5.824307255233646,False
delta fort,1,volatilite,faible,726,23,-0.08264462809917356,-2.682644628099174,-11.243051904078733,False,-1.4826446280991734,-6.55090523597567,False
delta fort,1,volume,faible,666,23,0.01126126126126126,-2.588738738738739,-12.9810320823699,False,-1.3887387387387387,-7.576456036411185,False
delta fort,1,volatilite,moyenne,582,23,0.1718213058419244,-2.428178694158076,-5.500676913851323,False,-1.2281786941580755,-2.616347547166677,False
delta fort,1,volume,moyenne,604,23,-0.43460264900662254,-3.0346026490066227,-12.467590090767235,False,-1.8346026490066225,-7.62103065714561,False
delta fort,1,volatilite,forte,436,23,0.1811926605504587,-2.4188073394495415,-8.422968281518513,False,-1.2188073394495411,-4.533599344660101,False
delta fort,1,volume,forte,498,23,0.7650602409638554,-1.8349397590361447,-5.26764450358544,False,-0.6349397590361445,-2.1977464933816857,False
delta fort,1,sens du jour,avec,833,23,0.3079231692677071,-2.292076830732293,-7.2520968873176725,False,-1.0920768307322928,-3.2552665136762164,False
delta fort,1,sens du jour,contre,930,23,-0.1575268817204301,-2.7575268817204304,-18.161610975319086,False,-1.55752688172043,-10.39867991774845,False
delta fort,5,heure,9h31-10h,77,19,-0.42207792207792205,-3.022077922077922,-0.5810899762855339,False,-1.822077922077922,-0.3164951396411501,False
delta fort,5,heure,10h-11h,190,23,-0.4,-3.0,-2.3565841095992046,False,-1.7999999999999998,-1.5294248677874835,False
delta fort,5,heure,11h-12h,230,23,0.5673913043478261,-2.032608695652174,-0.7641173763099725,False,-0.8326086956521738,-0.05693712236189036,False
delta fort,5,heure,12h-13h,299,23,-0.2508361204013378,-2.850836120401338,-4.102074385437167,False,-1.6508361204013378,-2.4822671344326643,False
delta fort,5,heure,13h-14h,316,23,-1.3132911392405062,-3.9132911392405063,-5.2215877828360036,False,-2.713291139240506,-3.6925852222030837,False
delta fort,5,heure,14h-15h,346,23,-0.03468208092485549,-2.6346820809248555,-2.0633872756882976,False,-1.4346820809248555,-0.9403897086547626,False
delta fort,5,heure,15h-15h53,305,23,-1.022950819672131,-3.6229508196721314,-3.349360877618497,False,-2.422950819672131,-2.158718117499003,False
delta fort,5,volatilite,faible,726,23,-0.4049586776859504,-3.0049586776859503,-5.606762040488076,False,-1.8049586776859503,-3.5974813269336936,False
delta fort,5,volume,faible,666,23,0.16366366366366367,-2.4363363363363364,-5.4134066601707564,False,-1.2363363363363362,-3.288552159779091,False
delta fort,5,volatilite,moyenne,582,23,-0.7749140893470791,-3.374914089347079,-4.4841566634233585,False,-2.174914089347079,-2.8210951467654204,False
delta fort,5,volume,moyenne,604,23,-1.6009933774834437,-4.200993377483444,-7.055792978721613,False,-3.000993377483444,-5.086478310430286,False
delta fort,5,volatilite,forte,436,23,-0.2855504587155963,-2.8855504587155965,-2.5070084003690454,False,-1.6855504587155963,-1.5547308311773933,False
delta fort,5,volume,forte,498,23,0.14457831325301204,-2.455421686746988,-1.3044003944450853,False,-1.2554216867469878,-0.4757139642000536,False
delta fort,5,sens du jour,avec,833,23,-0.23709483793517408,-2.837094837935174,-4.058565821181622,False,-1.637094837935174,-2.221932610648803,False
delta fort,5,sens du jour,contre,930,23,-0.639247311827957,-3.239247311827957,-5.2342026728332725,False,-2.039247311827957,-3.231595742541494,False
CVD fort,1,heure,9h31-10h,63,8,-0.6746031746031746,-3.2746031746031745,-3.0590182784348277,False,-2.0746031746031743,-2.126111410675261,False
CVD fort,1,heure,10h-11h,195,18,-0.558974358974359,-3.1589743589743593,-6.332578782412807,False,-1.958974358974359,-4.604583480588879,False
CVD fort,1,heure,11h-12h,165,18,-0.4909090909090909,-3.090909090909091,-4.589347822810601,False,-1.8909090909090909,-3.2887244530266604,False
CVD fort,1,heure,12h-13h,310,21,0.27741935483870966,-2.3225806451612905,-3.3914062394163222,False,-1.1225806451612903,-1.3829548843852548,False
CVD fort,1,heure,13h-14h,317,21,-0.27917981072555204,-2.879179810725552,-4.792618774435149,False,-1.679179810725552,-3.295341560196521,False
CVD fort,1,heure,14h-15h,311,21,0.11254019292604502,-2.487459807073955,-5.535112220691276,False,-1.287459807073955,-3.220093709566837,False
CVD fort,1,heure,15h-15h53,341,23,-0.017595307917888565,-2.6175953079178886,-6.629425732283035,False,-1.4175953079178885,-4.258752846854138,False
CVD fort,1,volatilite,faible,634,21,-0.12302839116719243,-2.7230283911671926,-7.1894433851650525,False,-1.5230283911671922,-4.548091576390373,False
CVD fort,1,volume,faible,707,22,0.018387553041018388,-2.5816124469589816,-4.996280778530496,False,-1.3816124469589814,-3.246888408232434,False
CVD fort,1,volatilite,moyenne,563,23,-0.04706927175843695,-2.647069271758437,-10.170108279549387,False,-1.4470692717584368,-6.015147374585706,False
CVD fort,1,volume,moyenne,542,22,-0.2011070110701107,-2.8011070110701106,-14.376454261913857,False,-1.6011070110701107,-8.498958310321834,False
CVD fort,1,volatilite,forte,511,22,-0.22798434442270057,-2.827984344422701,-9.624354967490454,False,-1.6279843444227005,-6.052408038281604,False
CVD fort,1,volume,forte,459,23,-0.27233115468409586,-2.8723311546840957,-5.619411036516311,False,-1.6723311546840958,-3.303806000743529,False
CVD fort,1,sens du jour,avec,778,23,-0.13046272493573266,-2.730462724935733,-9.771364124969,False,-1.5304627249357325,-5.3440698301936145,False
CVD fort,1,sens du jour,contre,922,23,-0.14154013015184383,-2.741540130151844,-8.461450743602791,False,-1.5415401301518437,-5.240653516167385,False
CVD fort,5,heure,9h31-10h,63,8,-1.8650793650793651,-4.465079365079365,-1.6206083814499355,False,-3.265079365079365,-1.2430988573024448,False
CVD fort,5,heure,10h-11h,195,18,-2.0435897435897434,-4.643589743589743,-3.1536683248452406,False,-3.4435897435897433,-2.4231784063409463,False
CVD fort,5,heure,11h-12h,165,18,-0.47575757575757577,-3.0757575757575757,-2.686423514406382,False,-1.8757575757575757,-2.1968422536281564,False
CVD fort,5,heure,12h-13h,310,21,0.21774193548387097,-2.382258064516129,-2.0272908552297486,False,-1.182258064516129,-1.1029098260562458,False
CVD fort,5,heure,13h-14h,317,21,-0.6735015772870663,-3.2735015772870666,-3.6977672401002,False,-2.0735015772870664,-2.6537529541336635,False
CVD fort,5,heure,14h-15h,311,21,-1.1045016077170418,-3.7045016077170416,-2.8753409405976194,False,-2.5045016077170414,-2.3751695454853117,False
CVD fort,5,heure,15h-15h53,341,23,0.7873900293255132,-1.812609970674487,-1.5100200789134242,False,-0.6126099706744867,-0.8607672780739541,False
CVD fort,5,volatilite,faible,634,21,-0.2862776025236593,-2.886277602523659,-2.582905207782417,False,-1.6862776025236592,-1.7096948799833078,False
CVD fort,5,volume,faible,707,22,0.1456859971711457,-2.4543140028288546,-2.114759903500741,False,-1.2543140028288542,-1.1690787411186025,False
CVD fort,5,volatilite,moyenne,563,23,-0.4129662522202487,-3.0129662522202487,-3.615813704640862,False,-1.8129662522202485,-2.486663035867869,False
CVD fort,5,volume,moyenne,542,22,-1.279520295202952,-3.879520295202952,-4.198992691665371,False,-2.679520295202952,-3.20842781976962,False
CVD fort,5,volatilite,forte,511,22,-0.8326810176125244,-3.4326810176125244,-3.348691372663286,False,-2.2326810176125242,-2.2417125216781697,False
CVD fort,5,volume,forte,459,23,-0.5424836601307189,-3.142483660130719,-2.1847215845145698,False,-1.9424836601307187,-1.3307530781887649,False
CVD fort,5,sens du jour,avec,778,23,-0.949228791773779,-3.5492287917737793,-3.774108641899977,False,-2.349228791773779,-2.5964160988456935,False
CVD fort,5,sens du jour,contre,922,23,-0.10629067245119306,-2.706290672451193,-1.8102188525541463,False,-1.5062906724511929,-1.1579436094757651,False
divergence prix / CVD,1,heure,9h31-10h,7,6,-5.285714285714286,-7.885714285714286,-3.7411996515108124,False,-6.685714285714285,-3.2339183428313802,False
divergence prix / CVD,1,heure,10h-11h,11,7,2.090909090909091,-0.5090909090909093,0.41619233207058776,False,0.6909090909090909,0.6564683175958758,False
divergence prix / CVD,1,heure,11h-12h,20,12,-0.85,-3.45,-2.3505393298475683,False,-2.25,-1.562465608082609,False
divergence prix / CVD,1,heure,12h-13h,14,12,3.75,1.15,0.5712919586271383,False,2.35,1.2139954120826688,False
divergence prix / CVD,1,heure,13h-14h,20,12,0.85,-1.75,-1.5923967621291584,False,-0.5499999999999999,-0.5437452358489808,False
divergence prix / CVD,1,heure,14h-15h,22,13,-1.2272727272727273,-3.827272727272727,-1.9973175996016026,False,-2.627272727272727,-1.0521764099013493,False
divergence prix / CVD,1,heure,15h-15h53,18,12,-0.3333333333333333,-2.9333333333333336,-2.8407938192790128,False,-1.7333333333333332,-1.7484725643359476,False
divergence prix / CVD,1,volatilite,faible,54,22,-0.25925925925925924,-2.859259259259259,-2.877954521113771,False,-1.6592592592592592,-1.4481328645984253,False
divergence prix / CVD,1,volume,faible,34,17,-0.6764705882352942,-3.276470588235294,-4.116205251088915,False,-2.076470588235294,-2.6937785917628747,False
divergence prix / CVD,1,volatilite,moyenne,35,20,-0.8,-3.4000000000000004,-3.066308055115811,False,-2.2,-1.8664483813748411,False
divergence prix / CVD,1,volume,moyenne,36,19,1.4722222222222223,-1.1277777777777778,-0.549375394225568,False,0.07222222222222241,0.4031538064088769,False
divergence prix / CVD,1,volatilite,forte,23,13,2.0652173913043477,-0.5347826086956524,0.03263614337945171,False,0.6652173913043478,0.5685559715051868,False
divergence prix / CVD,1,volume,forte,42,18,-0.5833333333333334,-3.1833333333333336,-1.3856778694137715,False,-1.9833333333333334,-0.6367877448265122,False
divergence prix / CVD,1,sens du jour,avec,39,17,0.5384615384615384,-2.0615384615384618,-1.42462622367238,False,-0.8615384615384615,-0.15829180263026454,False
divergence prix / CVD,1,sens du jour,contre,73,22,-0.21232876712328766,-2.812328767123288,-2.2067935814312913,False,-1.6123287671232875,-0.7630286987955727,False
divergence prix / CVD,5,heure,9h31-10h,7,6,-7.0,-9.6,-1.4064313126300072,False,-8.4,-1.215728761764921,False
divergence prix / CVD,5,heure,10h-11h,11,7,-0.7272727272727273,-3.327272727272727,0.4917822161898886,False,-2.127272727272727,0.6131029391266013,False
divergence prix / CVD,5,heure,11h-12h,20,12,-1.5,-4.1,-0.8415013701910564,False,-2.9,-0.6126511392042531,False
divergence prix / CVD,5,heure,12h-13h,14,12,5.571428571428571,2.971428571428571,0.3287199861380912,False,4.171428571428571,0.5677890669657943,False
divergence prix / CVD,5,heure,13h-14h,20,12,-0.65,-3.25,-2.0098045989367637,False,-2.05,-1.1510156901922708,False
divergence prix / CVD,5,heure,14h-15h,22,13,0.9090909090909091,-1.690909090909091,0.379080391810539,False,-0.49090909090909085,0.5765312803662789,False
divergence prix / CVD,5,heure,15h-15h53,18,12,8.0,5.4,1.3910860688867328,False,6.6,1.5822276661383443,False
divergence prix / CVD,5,volatilite,faible,54,22,0.3148148148148148,-2.285185185185185,-1.3308767908059218,False,-1.085185185185185,-0.3230389369296712,False
divergence prix / CVD,5,volume,faible,34,17,0.23529411764705882,-2.364705882352941,-1.312651684283068,False,-1.164705882352941,-0.44977001856745263,False
divergence prix / CVD,5,volatilite,moyenne,35,20,1.457142857142857,-1.142857142857143,-0.2847841823548695,False,0.05714285714285716,0.19767372657573304,False
divergence prix / CVD,5,volume,moyenne,36,19,2.4722222222222223,-0.12777777777777777,0.6191938982917685,False,1.0722222222222224,1.1549669867567525,False
divergence prix / CVD,5,volatilite,forte,23,13,3.217391304347826,0.6173913043478261,-0.23856912999687988,False,1.8173913043478263,-0.0005086761833622147,False
divergence prix / CVD,5,volume,forte,42,18,1.0714285714285714,-1.5285714285714287,-0.13998429773343943,False,-0.3285714285714285,0.14890049504130184,False
divergence prix / CVD,5,sens du jour,avec,39,17,0.3333333333333333,-2.2666666666666666,-0.643304842972671,False,-1.0666666666666667,-0.19768790590501428,False
divergence prix / CVD,5,sens du jour,contre,73,22,1.7671232876712328,-0.8328767123287673,0.02437989339725119,False,0.3671232876712329,0.4653656323674324,False
carnet fort + CVD d'accord,1,heure,9h31-10h,46,21,0.6521739130434783,-1.9478260869565218,-1.6625496189245352,False,-0.7478260869565216,-0.6000918742863708,False
carnet fort + CVD d'accord,1,heure,10h-11h,168,23,1.4196428571428572,-1.1803571428571429,-1.542320865617078,False,0.019642857142857295,0.3587766429490578,False
carnet fort + CVD d'accord,1,heure,11h-12h,150,23,0.6333333333333333,-1.9666666666666668,-3.5062882809748466,False,-0.7666666666666666,-1.7273626090096668,False
carnet fort + CVD d'accord,1,heure,12h-13h,132,23,1.1893939393939394,-1.4106060606060606,-1.9969739727099083,False,-0.21060606060606046,-0.3186239588146069,False
carnet fort + CVD d'accord,1,heure,13h-14h,137,23,0.7518248175182481,-1.8481751824817518,-5.415655455364479,False,-0.6481751824817518,-2.6879835537951613,False
carnet fort + CVD d'accord,1,heure,14h-15h,151,23,-0.04304635761589404,-2.6430463576158942,-5.110739722149293,False,-1.443046357615894,-2.6217448274054598,False
carnet fort + CVD d'accord,1,heure,15h-15h53,108,23,0.2638888888888889,-2.3361111111111112,-3.162832465737985,False,-1.136111111111111,-1.7119310255498243,False
carnet fort + CVD d'accord,1,volatilite,faible,268,23,0.2462686567164179,-2.3537313432835822,-7.042149975853152,False,-1.153731343283582,-3.738116600255194,False
carnet fort + CVD d'accord,1,volume,faible,285,23,-0.13859649122807016,-2.73859649122807,-6.1015696918815046,False,-1.53859649122807,-3.1232938750188635,False
carnet fort + CVD d'accord,1,volatilite,moyenne,289,23,0.5190311418685121,-2.080968858131488,-4.816006530798648,False,-0.8809688581314878,-2.190801491732984,False
carnet fort + CVD d'accord,1,volume,moyenne,279,23,0.9372759856630825,-1.6627240143369177,-5.590312112402906,False,-0.46272401433691746,-1.6347834692337582,False
carnet fort + CVD d'accord,1,volatilite,forte,336,23,1.2455357142857142,-1.354464285714286,-4.433361456562526,False,-0.15446428571428572,-1.5165833123866073,False
carnet fort + CVD d'accord,1,volume,forte,329,23,1.2537993920972645,-1.3462006079027355,-3.2223977937218513,False,-0.14620060790273537,-1.0170246085261256,False
carnet fort + CVD d'accord,1,sens du jour,avec,404,23,1.0841584158415842,-1.5158415841584159,-4.580299753604239,False,-0.3158415841584157,-1.809944908869588,False
carnet fort + CVD d'accord,1,sens du jour,contre,484,23,0.43078512396694213,-2.169214876033058,-7.4806959954770145,False,-0.9692148760330578,-2.894741091994036,False
carnet fort + CVD d'accord,5,heure,9h31-10h,46,21,-1.673913043478261,-4.273913043478261,-1.7636093372174693,False,-3.073913043478261,-1.2762071588455421,False
carnet fort + CVD d'accord,5,heure,10h-11h,168,23,2.2886904761904763,-0.3113095238095238,0.06832523164641624,False,0.8886904761904764,0.839187639866008,False
carnet fort + CVD d'accord,5,heure,11h-12h,150,23,2.88,0.2799999999999998,0.07926631835101179,False,1.48,0.9189146543165256,False
carnet fort + CVD d'accord,5,heure,12h-13h,132,23,2.772727272727273,0.17272727272727284,0.06445039366567243,False,1.372727272727273,0.6415913464447174,False
carnet fort + CVD d'accord,5,heure,13h-14h,137,23,1.7445255474452555,-0.8554744525547446,-2.0066047056589604,False,0.34452554744525554,-0.4909130660017962,False
carnet fort + CVD d'accord,5,heure,14h-15h,151,23,0.7947019867549668,-1.8052980132450331,-1.2801561421406893,False,-0.6052980132450331,-0.23578822103083327,False
carnet fort + CVD d'accord,5,heure,15h-15h53,108,23,2.8425925925925926,0.24259259259259247,-0.8796308507087822,False,1.4425925925925926,-0.14739999211008167,False
carnet fort + CVD d'accord,5,volatilite,faible,268,23,-0.23134328358208955,-2.8313432835820898,-5.1608604360234835,False,-1.6313432835820896,-3.317486308436139,False
carnet fort + CVD d'accord,5,volume,faible,285,23,-0.010526315789473684,-2.610526315789474,-3.111212941141389,False,-1.4105263157894736,-1.5479689946699842,False
carnet fort + CVD d'accord,5,volatilite,moyenne,289,23,2.4480968858131487,-0.15190311418685143,0.0017710088594020553,False,1.0480968858131487,0.9260050192005317,False
carnet fort + CVD d'accord,5,volume,moyenne,279,23,2.0734767025089607,-0.5265232974910394,-1.0191647367841492,False,0.6734767025089607,0.16846308842867638,False
carnet fort + CVD d'accord,5,volatilite,forte,336,23,3.294642857142857,0.6946428571428571,0.7979972613658353,False,1.8946428571428573,1.3120294176029563,False
carnet fort + CVD d'accord,5,volume,forte,329,23,3.5775075987841944,0.9775075987841944,0.29791102294792177,False,2.1775075987841945,1.2875553024897195,False
carnet fort + CVD d'accord,5,sens du jour,avec,404,23,1.4245049504950495,-1.1754950495049505,-1.3044297658603161,False,0.024504950495049638,-0.028033636858441117,False
carnet fort + CVD d'accord,5,sens du jour,contre,484,23,2.3016528925619837,-0.2983471074380164,-0.42496516194054446,False,0.9016528925619838,1.048659174670456,False
