jour,minute
2026-08-24,30
2026-07-15,240
2026-04-24,270
2026-10-01,330
2026-07-13,270
2026-06-05,240
2026-07-21,180
2026-09-25,240
2026-05-07,240
2026-05-18,30
2026-05-26,210
2026-08-24,90
2026-05-15,60
2026-05-15,270
2026-05-29,330
2026-04-21,210
2026-09-01,90
2026-08-27,120
2026-05-01,150
2026-05-14,270
2026-04-15,120
2026-06-05,30
2026-06-02,120
2026-07-07,330
2026-04-23,240
2026-08-25,240
2026-04-15,300
2026-07-07,300
2026-07-07,60
2026-08-13,150
2026-04-07,270
2026-09-16,120
2026-06-29,60
2026-06-30,150
2026-09-18,360
2026-06-12,120
2026-05-26,30
2026-05-11,240
2026-08-21,210
2026-06-23,90
2026-10-01,240
2026-06-11,30
2026-08-27,360
2026-05-13,120
2026-04-20,210
2026-06-10,120
2026-05-13,240
2026-07-16,30
2026-06-08,210
2026-07-13,300
2026-08-27,30
2026-08-26,300
2026-06-22,120
2026-04-30,330
2026-09-16,360
2026-06-03,300
2026-08-12,360
2026-08-28,300
2026-05-27,300
2026-08-31,330
2026-08-10,300
2026-09-23,240
2026-06-22,240
2026-07-23,30
2026-09-15,60
2026-06-11,270
2026-09-08,210
2026-04-14,330
2026-04-10,300
2026-07-21,210
2026-09-04,150
2026-07-27,60
2026-08-12,150
2026-07-27,180
2026-06-03,30
2026-08-18,150
2026-05-08,330
2026-07-31,150
2026-05-15,330
2026-07-14,30
2026-04-22,30
2026-09-01,270
2026-08-28,90
2026-04-14,180
2026-08-11,180
2026-06-09,180
2026-06-16,120
2026-05-12,60
2026-05-29,90
2026-08-06,30
2026-05-20,300
2026-05-26,120
2026-09-29,210
2026-09-11,270
2026-08-27,270
2026-08-04,210
2026-09-21,210
2026-06-17,60
2026-07-20,360
2026-04-08,300
2026-04-17,60
2026-05-13,210
2026-08-21,30
2026-05-05,180
2026-07-20,180
2026-04-06,300
2026-07-07,150
2026-09-24,90
2026-06-17,150
2026-06-08,90
2026-08-17,120
2026-08-14,300
2026-07-31,240
2026-09-25,90
2026-08-10,180
2026-06-23,330
2026-04-10,210
2026-05-01,330
2026-05-08,210
2026-06-02,240
2026-06-15,90
2026-06-05,270
2026-08-19,90
2026-05-07,30
2026-09-22,270
2026-07-31,330
2026-07-06,270
2026-07-16,180
2026-07-31,360
2026-08-05,30
2026-08-17,90
2026-05-20,240
2026-07-29,60
2026-08-10,330
2026-06-05,60
2026-06-26,360
2026-04-08,120
2026-06-05,90
2026-07-02,330
2026-09-16,300
2026-08-04,60
2026-04-29,90
2026-08-03,180
2026-08-18,90
2026-04-06,330
2026-05-15,180
2026-04-06,60
2026-09-15,120
2026-06-30,240
2026-09-29,90
2026-07-24,90
2026-06-25,360
2026-05-28,360
2026-08-26,90
2026-06-22,360
2026-05-12,210
2026-07-09,180
2026-07-23,90
2026-08-28,150
2026-05-27,330
2026-05-05,210
2026-07-23,300
2026-05-01,120
2026-04-27,60
2026-04-21,30
2026-07-23,150
2026-04-23,270
2026-09-17,180
2026-08-06,60
2026-08-03,210
2026-07-02,270
2026-06-03,240
2026-04-27,270
2026-04-16,30
2026-09-03,300
2026-04-30,360
2026-05-22,210
2026-06-17,210
2026-08-04,150
2026-04-28,30
2026-06-15,150
2026-08-06,120
2026-06-18,360
2026-04-20,180
2026-05-19,90
2026-04-20,150
2026-05-06,210
2026-07-08,210
2026-09-09,360
2026-08-31,360
2026-07-24,240
2026-07-23,180
2026-08-14,330
2026-06-04,330
2026-06-16,30
2026-07-24,180
2026-09-22,90
2026-08-19,300
2026-07-14,240
2026-04-20,360
2026-06-16,270
2026-06-24,120
2026-05-20,150
2026-07-22,120
2026-04-24,120
2026-04-28,360
2026-08-17,210
2026-07-14,120
2026-06-23,60
2026-07-30,120
2026-06-04,300
2026-04-29,240
2026-05-14,360
2026-06-15,120
2026-06-11,330
2026-06-22,330
2026-08-18,300
2026-09-08,150
2026-04-27,30
2026-04-14,300
2026-05-06,150
2026-08-07,360
2026-09-29,270
2026-09-14,330
2026-05-20,180
2026-09-14,270
2026-09-10,150
2026-04-13,240
2026-07-08,60
2026-07-29,30
2026-09-15,270
2026-05-26,270
2026-09-24,300
2026-08-10,30
2026-08-27,60
2026-08-19,210
2026-08-19,270
2026-08-07,150
2026-09-29,30
2026-04-01,300
2026-05-28,60
2026-07-20,270
2026-07-14,150
2026-07-08,270
2026-07-13,90
2026-08-28,360
2026-04-07,210
2026-04-22,300
2026-07-16,240
2026-08-07,210
2026-07-30,300
2026-08-06,330
2026-04-09,360
2026-05-08,300
2026-08-05,120
2026-07-20,210
2026-07-17,360
2026-09-22,210
2026-08-11,330
2026-06-17,270
2026-05-21,30
2026-08-20,150
2026-05-15,90
2026-04-09,150
2026-06-22,30
2026-09-18,180
2026-05-01,90
2026-06-16,330
2026-08-13,360
2026-05-28,150
2026-09-14,300
2026-07-01,270
2026-09-18,300
2026-09-23,180
2026-04-13,120
2026-08-20,120
2026-08-21,180
2026-08-17,240
2026-05-28,300
2026-05-12,150
2026-06-25,180
2026-10-01,360
2026-07-09,30
2026-08-19,120
2026-04-15,30
2026-07-15,210
2026-06-24,240
2026-07-23,270
2026-09-16,240
2026-04-15,270
2026-08-17,360
2026-04-14,150
2026-05-20,210
2026-04-01,270
2026-05-12,180
2026-09-23,30
2026-09-10,360
2026-08-12,30
2026-09-16,210
2026-06-09,90
