strategie,marche,t,jours,jours_trade,dollars_par_trade,dollars_total,t_2011_2016,t_2017_2022,gagnants,bruit_max,bruit_moyen,correlation_zone,etape1,etape2
Range d'ouverture 15 min,NQ,-1.5699181472321235,2941,2934,-0.17995910020449898,-528.0,-3.08860173651916,0.2588609474559248,0.37116564417177916,0.6818133744816648,-0.39532658627570033,0.5118224801595134,False,False
Range d'ouverture 30 min,NQ,-1.5579577926869825,2941,2915,-0.15060034305317324,-439.0,-2.798256155870511,0.10099878934623145,0.42469982847341337,1.1298772948878624,-0.41170064572760773,0.5203151424294363,False,False
Range d'ouverture 60 min,NQ,-1.0360543355800669,2941,2804,1.054564907275321,2957.0,-2.586886174648275,0.5660866950753224,0.4796718972895863,1.552827733733214,-0.5608723329893935,0.48731244888789743,False,False
Cassure de Williams,NQ,0.9464402544820749,2941,2222,5.0133888388838885,11139.75,-1.3090842712934376,2.0802683769535073,0.4495949594959496,1.2279404197912014,-0.19577853668410924,0.5902477456389577,False,False
Etirement de Crabel,NQ,-0.576979641149039,2941,2911,0.5498110614909048,1600.5000000000236,-1.4163055505419995,0.2898379505206172,0.406389556853315,2.4814354259095492,0.6854618720001261,0.4881921100070168,False,False
Cassure de la veille,NQ,-1.106891383755731,2941,2630,-1.1672053231939163,-3069.75,-1.7459108593562351,-0.12156381357437569,0.452851711026616,0.011060155382277979,-1.0853095773238266,0.40765156653767987,False,False
Momentum de la 1re heure,NQ,-0.7455188469766193,2941,2923,0.2858364693807732,835.5,-1.601771909937335,0.2002157784938885,0.49948682860075266,0.926250362610745,-0.17187072827544653,0.35299690959450464,False,False
Tendance VWAP,NQ,-2.331361229967333,2941,2934,0.0678254942058623,199.0,-5.389472447113459,1.1397829289651944,0.46284935241990455,-2.350316697375865,-4.428946720292894,0.5164385677830555,False,False
Continuation du gap,NQ,-0.4444440759986474,2941,1789,0.1587479038569033,284.0,-1.6064534405355197,0.578222751788267,0.3879262157629961,1.8931321650032122,1.115809225801837,0.34087152770228135,False,False
Comblement du gap,NQ,-0.5643384956548197,2941,1806,0.14842992592842902,268.0644462267428,-1.2400063057342139,0.3332800837960194,0.5299003322259136,-3.09280003246735,-4.088079213615427,-0.06630480374180152,False,False
Retournement apres 30 min extremes,NQ,-3.9136479802023474,2941,687,-6.882096069868996,-4728.0,-4.738564634934387,-1.57290823586912,0.06695778748180495,-0.5415681660941123,-2.748167445717054,-0.0316406589885259,False,False
Tournant du mois,NQ,-0.32614537957216905,2941,547,-1.9076782449725778,-1043.5,-1.4173663492454043,0.5206433090446633,0.4936014625228519,-0.32614537957219464,-0.3261453795723617,-0.0045462450331923525,False,False
Veille de la Fed (jour meme),NQ,-1.443964168870078,2941,86,-6.3604651162790695,-547.0,-1.6754076430128582,-0.25384925830615324,0.3488372093023256,0.09595125958092851,-0.635264355439782,-0.0018210095506756897,False,False
Achat simple intraday,NQ,-0.730692720946475,2941,2928,-1.8413592896174864,-5391.5,-1.410400490566793,0.10045469234281117,0.5256147540983607,-0.7306927209464967,-0.7306927209467131,-0.09839412051055418,False,False
Zone de bruit (reference),NQ,0.6244905576279602,2941,1784,5.212163677130045,9298.5,-2.624433505937973,2.772472020659388,0.3991031390134529,-0.8247469695185541,-2.427420737910503,0.9999999999999998,False,False
Range d'ouverture 15 min,ES,-3.213155883297238,2941,2937,-2.348995573714675,-6899.0,-5.049373520295831,-0.13334808954215774,0.3377596186584951,-3.6625553914633517,-4.906467450385373,0.438032314325828,False,False
Range d'ouverture 30 min,ES,-3.2421419972733614,2941,2930,-3.093430034129693,-9063.75,-4.533840712158088,-0.5320183085764754,0.3931740614334471,-3.271252351323116,-4.932925319476986,0.48591402000925216,False,False
Range d'ouverture 60 min,ES,-1.8926352309282886,2941,2873,-1.2364253393665159,-3552.25,-2.951159946971715,-0.06748498554206458,0.4479638009049774,-3.2569158432771586,-4.936547156178514,0.4637335739068701,False,False
Cassure de Williams,ES,-1.689470025891734,2941,2239,-0.5819562304600268,-1303.0,-3.4066595514063285,0.4483146765535253,0.41893702545779365,-3.7895778845544568,-5.054810778504645,0.549322514418079,False,False
Etirement de Crabel,ES,-3.1254749292233934,2941,2905,-3.3775817555938232,-9811.875000000056,-3.1418978265495765,-1.4880819400899536,0.39896729776247847,-2.618631692942561,-4.05339749020021,0.44708223562995214,False,False
Cassure de la veille,ES,-2.148144823427583,2941,2632,-2.625712386018237,-6910.875,-2.805089433773204,-0.5325434918923441,0.4430091185410334,-2.3909103105288114,-3.336632844462291,0.44944447996092607,False,False
Momentum de la 1re heure,ES,-3.3856950823828176,2941,2892,-4.797804287690179,-13875.25,-3.7338069066522293,-1.399157816758757,0.46196403872752423,-1.768864263787559,-3.0878374960090085,0.3316138263640668,False,False
Tendance VWAP,ES,-6.009199736430004,2941,2940,-8.598639455782314,-25280.0,-7.40347697159391,-1.791977090850512,0.42925170068027213,-9.776562429907187,-10.654577469148652,0.5166982865371673,False,False
Continuation du gap,ES,-0.7003442406025525,2941,1589,-0.8915984896161108,-1416.75,-1.451746975853373,0.22804185022295612,0.42164883574575207,0.8905288925873825,0.4298422994256702,0.33235201035195244,False,False
Comblement du gap,ES,-5.166141428403941,2941,1812,-6.1661451314784745,-11173.054978238995,-4.173294361345943,-3.178971965183944,0.49337748344370863,-5.596326517326165,-6.665293462981575,-0.0534894932259826,False,False
Retournement apres 30 min extremes,ES,-5.862766095010367,2941,675,-7.838888888888889,-5291.25,-7.700599254719271,-2.2181130157315203,0.06222222222222222,-1.211852723998675,-4.02304234166896,-0.023166349145748794,False,False
Tournant du mois,ES,-0.9423379352409724,2941,549,-3.6051912568306013,-1979.25,-1.6842375715606395,0.045319988110452396,0.4772313296903461,-0.9423379352407815,-0.942337935240929,-0.029116674921936453,False,False
Veille de la Fed (jour meme),ES,-0.8941117763971143,2941,91,-4.8708791208791204,-443.25,-0.541085834560696,-0.7767112585632593,0.37362637362637363,0.3415810623274659,-0.47695976043417987,0.006625033834612135,False,False
Achat simple intraday,ES,-1.5312391257656008,2941,2941,-2.8432505950357023,-8362.0,-1.6786104022643982,-0.6391613131278463,0.5117307038422305,-1.5312391257650744,-1.531239125765302,-0.12461222477210537,False,False
Zone de bruit (reference),ES,-1.734721215689112,2941,1815,-0.45523415977961434,-826.25,-4.125786691198942,1.1940332043352324,0.3537190082644628,-5.842596985068528,-6.68439202607472,1.0,False,False
