source,cible,sens,t,t_2016_2019,t_2020_2022,jours_trade,dollars_par_trade,retenu_etape1
CL,NQ,contrer,0.4549,-1.306,1.545,1619,5.894,False
YM,NQ,contrer,-0.05026,0.4295,-0.3795,1700,1.086,False
6E,RTY,suivre,-0.1074,-0.06258,-0.08769,1297,0.1708,False
NQ,CL,suivre,-0.1732,-1.562,0.88,1636,0.02689,False
RTY,NQ,suivre,-0.4841,-0.8611,-0.0227,1325,-1.132,False
6E,YM,suivre,-0.5509,-0.9914,0.07762,1657,-0.3413,False
NQ,RTY,suivre,-0.5519,-1.827,0.4512,1329,-0.3728,False
ES,NQ,suivre,-0.5937,-1.76,0.552,1683,-1.286,False
RTY,NQ,contrer,-0.6599,-0.375,-0.5435,1327,-4.87,False
6E,NQ,suivre,-0.6653,-1.363,0.1814,1663,-0.5099,False
YM,RTY,contrer,-0.6756,-0.1766,-0.6825,1324,-0.8841,False
GC,NQ,suivre,-0.6768,-0.06969,-0.7916,1628,-2.926,False
CL,RTY,contrer,-0.7755,-1.827,0.202,1257,-0.9018,False
6E,CL,suivre,-0.7901,-1.408,-0.0009054,1618,0.631,False
RTY,YM,contrer,-0.8137,-0.5788,-0.5887,1315,-2.628,False
CL,ES,contrer,-0.8679,-2.302,0.6359,1622,-1.066,False
YM,ES,contrer,-0.9276,-0.4801,-0.7982,1705,-1.971,False
GC,RTY,contrer,-0.9708,-2.15,0.181,1265,-2.342,False
GC,NQ,contrer,-0.9757,-1.951,0.2346,1629,-3.079,False
GC,YM,suivre,-0.9859,-0.05013,-1.211,1623,-2.122,False
6E,NQ,contrer,-0.9931,-0.6736,-0.737,1666,-5.491,False
RTY,ES,contrer,-1.047,-0.7191,-0.784,1326,-4.313,False
YM,CL,contrer,-1.067,-1.598,-0.1831,1633,-3.952,False
ES,NQ,contrer,-1.067,-0.2874,-1.113,1683,-4.721,False
ES,YM,contrer,-1.07,-0.1342,-1.25,1674,-2.642,False
NQ,GC,suivre,-1.1,-0.7932,-0.7681,1649,-1.62,False
RTY,YM,suivre,-1.102,-1.103,-0.5751,1320,-3.395,False
NQ,YM,contrer,-1.132,0.0594,-1.477,1692,-3.807,False
6E,ES,suivre,-1.133,-1.782,-0.1049,1673,-1.775,False
ES,RTY,contrer,-1.185,-0.5324,-1.063,1310,-2.555,False
RTY,CL,contrer,-1.235,-2.159,-0.3525,1269,-4.762,False
CL,YM,contrer,-1.282,-1.859,-0.1622,1613,-2.865,False
CL,YM,suivre,-1.287,-0.8209,-0.9915,1614,-3.167,False
ES,CL,contrer,-1.313,-1.729,-0.3997,1614,-5.337,False
RTY,ES,suivre,-1.334,-1.621,-0.5525,1326,-4.687,False
ES,RTY,suivre,-1.372,-1.883,-0.4705,1310,-3.445,False
NQ,ES,suivre,-1.378,-3.01,0.4722,1708,-2.206,False
GC,ES,suivre,-1.38,-0.4727,-1.367,1630,-3.9,False
GC,CL,contrer,-1.382,-1.785,-0.4658,1590,-3.958,False
ES,GC,suivre,-1.399,-0.4164,-1.493,1626,-2.257,False
NQ,YM,suivre,-1.48,-2.838,0.3225,1701,-2.227,False
RTY,CL,suivre,-1.515,-0.6859,-1.352,1269,-3.238,False
ES,YM,suivre,-1.527,-2.608,0.0899,1680,-3.386,False
GC,YM,contrer,-1.579,-2.657,0.06946,1622,-3.906,False
GC,RTY,suivre,-1.59,-0.2397,-1.719,1265,-3.658,False
YM,NQ,suivre,-1.631,-2.498,-0.1842,1700,-7.093,False
CL,RTY,suivre,-1.732,-0.5247,-1.709,1257,-5.098,False
GC,ES,contrer,-1.839,-3.148,0.03753,1630,-5.1,False
NQ,ES,contrer,-1.874,-0.7019,-1.806,1708,-6.794,False
YM,RTY,suivre,-1.908,-2.275,-0.8553,1324,-5.116,False
GC,CL,suivre,-1.928,-1.722,-1.168,1590,-4.042,False
YM,GC,suivre,-2.017,-0.7354,-2.03,1646,-3.324,False
NQ,RTY,contrer,-2.028,-0.6284,-1.989,1329,-5.627,False
6E,YM,contrer,-2.041,-1.739,-1.231,1662,-5.681,False
RTY,GC,contrer,-2.065,-2.429,-0.9205,1279,-3.4,False
ES,CL,suivre,-2.072,-1.772,-1.295,1614,-2.663,False
6E,ES,contrer,-2.085,-1.871,-1.217,1673,-7.225,False
CL,NQ,suivre,-2.106,-0.7058,-2.104,1622,-11.88,False
YM,CL,suivre,-2.335,-1.902,-1.52,1633,-4.048,False
YM,ES,suivre,-2.347,-3.223,-0.5512,1705,-7.029,False
CL,ES,suivre,-2.348,-1.285,-1.973,1622,-7.934,False
6E,RTY,contrer,-2.439,-2.343,-1.435,1297,-6.171,False
CL,GC,suivre,-2.461,-2.417,-1.166,1593,-3.244,False
6E,GC,suivre,-2.485,-2.177,-1.406,1624,-3.475,False
6E,CL,contrer,-2.555,-2.124,-1.646,1618,-8.631,False
RTY,GC,suivre,-2.795,-2.398,-1.801,1279,-4.6,False
NQ,CL,contrer,-3.244,-1.97,-2.584,1636,-8.027,False
CL,GC,contrer,-3.251,-3.251,-1.49,1593,-4.756,False
6E,GC,contrer,-3.275,-3.585,-1.243,1624,-4.525,False
YM,GC,contrer,-3.838,-5.081,-0.6935,1646,-4.676,False
RTY,6E,suivre,-3.882,-4.054,-1.795,1310,-3.566,False
NQ,6E,suivre,-4.111,-3.161,-2.643,1682,-3.431,False
YM,6E,suivre,-4.122,-3.092,-2.733,1681,-3.414,False
GC,6E,contrer,-4.17,-2.948,-2.949,1621,-3.404,False
ES,GC,contrer,-4.404,-5.307,-1.227,1626,-5.743,False
NQ,GC,contrer,-4.758,-5.007,-1.956,1649,-6.38,False
CL,6E,contrer,-4.834,-4.398,-2.402,1618,-4.09,False
ES,6E,suivre,-4.926,-4.148,-2.799,1667,-4.138,False
RTY,6E,contrer,-5.851,-3.049,-5.05,1310,-5.434,False
ES,6E,contrer,-5.947,-4.418,-3.988,1667,-4.862,False
CL,6E,suivre,-5.99,-4.159,-4.319,1618,-4.91,False
GC,6E,suivre,-6.689,-5.663,-3.771,1621,-5.596,False
YM,6E,contrer,-6.851,-5.58,-4.086,1681,-5.586,False
NQ,6E,contrer,-6.913,-5.528,-4.223,1682,-5.569,False
