date,gain
2012-01-05,-7.5
2012-01-06,0.0
2012-01-09,0.0
2012-01-10,0.0
2012-01-11,0.0
2012-01-12,0.0
2012-01-13,-19.0
2012-01-16,0.0
2012-01-17,-3.0
2012-01-18,24.5
2012-01-19,0.0
2012-01-20,0.0
2012-01-23,-22.0
2012-01-24,0.0
2012-01-25,0.0
2012-01-26,-6.0
2012-01-27,-9.0
2012-01-30,0.0
2012-01-31,-9.0
2012-02-01,-8.5
2012-02-02,0.0
2012-02-03,-3.0
2012-02-06,0.0
2012-02-07,0.0
2012-02-08,-9.0
2012-02-09,-9.0
2012-02-10,0.0
2012-02-13,0.0
2012-02-14,0.0
2012-02-15,-6.5
2012-02-16,22.0
2012-02-17,-13.0
2012-02-20,0.0
2012-02-21,-2.5
2012-02-22,0.0
2012-02-23,-16.0
2012-02-24,0.0
2012-02-27,0.0
2012-02-28,17.0
2012-02-29,-16.5
2012-03-01,-3.0
2012-03-02,0.0
2012-03-05,24.5
2012-03-06,-34.0
2012-03-07,31.5
2012-03-08,54.0
2012-03-09,-13.5
2012-03-12,-7.5
2012-03-13,0.0
2012-03-14,-34.5
2012-03-15,0.0
2012-03-16,0.0
2012-03-19,3.0
2012-03-20,-11.0
2012-03-21,-39.0
2012-03-22,0.0
2012-03-23,-21.5
2012-03-26,43.5
2012-03-27,-15.5
2012-03-28,-17.0
2012-03-29,-4.5
2012-03-30,-17.5
2012-04-02,33.5
2012-04-03,-18.5
2012-04-04,-6.0
2012-04-05,2.5
2012-04-09,0.0
2012-04-10,6.0
2012-04-11,26.0
2012-04-12,91.5
2012-04-13,39.5
2012-04-16,-8.5
2012-04-17,52.0
2012-04-18,0.0
2012-04-19,-8.5
2012-04-20,0.0
2012-04-23,-16.0
2012-04-24,-30.0
2012-04-25,124.0
2012-04-26,0.0
2012-04-27,0.0
2012-04-30,0.0
2012-05-01,-32.0
2012-05-02,0.0
2012-05-03,17.5
2012-05-04,37.5
2012-05-07,4.5
2012-05-08,-39.0
2012-05-09,-9.0
2012-05-10,-42.0
2012-05-11,5.5
2012-05-14,-48.0
2012-05-15,-31.0
2012-05-16,-42.0
2012-05-17,-48.5
2012-05-18,-48.5
2012-05-21,208.0
2012-05-22,0.0
2012-05-23,0.0
2012-05-24,-24.5
2012-05-25,0.0
2012-05-28,0.0
2012-05-29,-16.0
2012-05-30,0.0
2012-05-31,-27.5
2012-06-01,-8.5
2012-06-04,36.5
2012-06-05,-1.5
2012-06-06,145.0
2012-06-07,0.0
2012-06-08,3.0
2012-06-11,0.0
2012-06-12,-12.0
2012-06-13,0.0
2012-06-14,-25.5
2012-06-15,14.0
2012-06-18,4.0
2012-06-19,-8.5
2012-06-20,0.0
2012-06-21,65.0
2012-06-22,0.0
2012-06-25,13.5
2012-06-26,0.0
2012-06-27,0.0
2012-06-28,-18.0
2012-06-29,-6.5
2012-07-02,0.0
2012-07-03,0.0
2012-07-04,0.0
2012-07-05,0.0
2012-07-06,14.5
2012-07-09,-6.0
2012-07-10,3.0
2012-07-11,-79.5
2012-07-12,-77.0
2012-07-13,119.5
2012-07-16,-23.0
2012-07-17,-12.5
2012-07-18,24.5
2012-07-19,-13.0
2012-07-20,18.0
2012-07-23,-27.5
2012-07-24,7.5
2012-07-25,2.0
2012-07-26,78.0
2012-07-27,59.0
2012-07-30,0.0
2012-07-31,0.0
2012-08-01,0.0
2012-08-02,-29.5
2012-08-03,-29.5
2012-08-06,-11.0
2012-08-07,-3.0
2012-08-08,0.0
2012-08-09,0.0
2012-08-10,0.0
2012-08-13,0.0
2012-08-14,0.0
2012-08-15,-12.0
2012-08-16,22.5
2012-08-17,0.0
2012-08-20,-7.0
2012-08-21,-8.5
2012-08-22,-6.5
2012-08-23,-20.0
2012-08-24,12.0
2012-08-27,0.0
2012-08-28,-24.5
2012-08-29,-10.0
2012-08-30,-6.0
2012-08-31,35.0
2012-09-03,15.0
2012-09-04,-38.5
2012-09-05,-39.5
2012-09-06,161.5
2012-09-07,0.0
2012-09-10,20.0
2012-09-11,-12.0
2012-09-12,0.0
2012-09-13,16.5
2012-09-14,-8.5
2012-09-17,0.0
2012-09-18,0.0
2012-09-19,0.0
2012-09-20,0.0
2012-09-21,0.0
2012-09-24,0.0
2012-09-25,17.5
2012-09-26,-44.0
2012-09-27,94.5
2012-09-28,-68.5
2012-10-01,-12.0
2012-10-02,14.5
2012-10-03,31.5
2012-10-04,-7.5
2012-10-05,-3.5
2012-10-08,-11.0
2012-10-09,39.5
2012-10-10,-39.5
2012-10-11,-17.0
2012-10-12,-44.5
2012-10-15,37.5
2012-10-16,50.5
2012-10-17,0.0
2012-10-18,2.5
2012-10-19,89.5
2012-10-22,15.5
2012-10-23,-55.0
2012-10-24,-21.0
2012-10-25,3.0
2012-10-26,17.0
2012-10-31,-27.5
2012-11-01,101.0
2012-11-02,10.5
2012-11-05,0.0
2012-11-06,0.0
2012-11-07,22.0
2012-11-08,42.5
2012-11-09,2.5
2012-11-12,0.0
2012-11-13,0.0
2012-11-14,21.0
2012-11-15,-19.5
2012-11-16,-77.0
2012-11-19,21.0
2012-11-20,-23.0
2012-11-21,0.0
2012-11-23,0.0
2012-11-26,0.0
2012-11-27,-9.0
2012-11-28,-35.0
2012-11-29,-18.5
2012-11-30,0.0
2012-12-03,0.0
2012-12-04,-13.0
2012-12-05,-10.5
2012-12-06,-35.5
2012-12-07,4.0
2012-12-10,-7.5
2012-12-11,-6.0
2012-12-12,0.0
2012-12-13,-29.0
2012-12-14,0.0
2012-12-17,0.0
2012-12-18,26.5
2012-12-19,0.0
2012-12-20,-8.0
2012-12-21,0.0
2012-12-24,0.0
2012-12-26,6.5
2012-12-27,-30.0
2012-12-28,0.0
2012-12-31,65.5
2013-01-02,-10.0
2013-01-03,-15.0
2013-01-04,-5.0
2013-01-07,0.0
2013-01-08,-26.0
2013-01-09,2.5
2013-01-10,0.0
2013-01-11,0.0
2013-01-14,0.0
2013-01-15,-1.0
2013-01-16,-12.5
2013-01-17,0.0
2013-01-18,0.0
2013-01-22,-21.5
2013-01-23,0.0
2013-01-24,0.0
2013-01-25,-35.5
2013-01-28,-24.5
2013-01-29,-14.5
2013-01-30,-8.0
2013-01-31,-27.0
2013-02-01,-1.5
2013-02-04,27.5
2013-02-05,40.5
2013-02-06,0.0
2013-02-07,-79.5
2013-02-08,-9.5
2013-02-11,0.0
2013-02-12,0.0
2013-02-13,-6.5
2013-02-14,0.0
2013-02-15,-8.0
2013-02-19,-15.5
2013-02-20,63.5
2013-02-21,-11.5
2013-02-22,53.5
2013-02-25,-41.5
2013-02-26,22.0
2013-02-27,96.5
2013-02-28,-38.5
2013-03-01,-22.5
2013-03-04,0.0
2013-03-05,26.5
2013-03-06,0.0
2013-03-07,0.0
2013-03-08,0.0
2013-03-11,0.0
2013-03-12,0.0
2013-03-13,-19.5
2013-03-14,0.0
2013-03-15,-22.0
2013-03-18,0.0
2013-03-19,0.5
2013-03-20,42.5
2013-03-21,0.0
2013-03-22,-6.0
2013-03-25,-31.5
2013-03-26,0.0
2013-03-27,0.0
2013-03-28,0.0
2013-04-01,25.5
2013-04-02,-10.0
2013-04-03,23.0
2013-04-04,0.0
2013-04-05,-1.5
2013-04-08,29.0
2013-04-09,28.5
2013-04-10,60.0
2013-04-11,0.0
2013-04-12,-13.5
2013-04-15,45.5
2013-04-16,-11.5
2013-04-17,43.0
2013-04-18,28.0
2013-04-19,32.0
2013-04-22,-11.0
2013-04-23,5.5
2013-04-24,0.0
2013-04-25,-0.5
2013-04-26,0.0
2013-04-29,-1.5
2013-04-30,0.0
2013-05-01,-17.0
2013-05-02,30.5
2013-05-03,-6.5
2013-05-06,0.0
2013-05-07,0.0
2013-05-08,0.5
2013-05-09,0.0
2013-05-10,-18.0
2013-05-13,0.0
2013-05-14,1.5
2013-05-15,0.0
2013-05-16,0.0
2013-05-17,1.5
2013-05-20,0.0
2013-05-21,0.0
2013-05-22,-38.0
2013-05-23,0.0
2013-05-24,18.0
2013-05-28,34.5
2013-05-29,-19.0
2013-05-30,-9.0
2013-05-31,0.0
2013-06-03,-18.5
2013-06-04,-2.0
2013-06-05,14.5
2013-06-06,3.0
2013-06-07,91.0
2013-06-10,0.0
2013-06-11,0.0
2013-06-12,23.0
2013-06-13,30.5
2013-06-14,-28.0
2013-06-17,0.0
2013-06-18,23.0
2013-06-19,7.0
2013-06-20,25.0
2013-06-21,-37.5
2013-06-24,-83.0
2013-06-25,37.0
2013-06-26,60.0
2013-06-27,4.0
2013-06-28,-39.5
2013-07-01,-27.5
2013-07-02,-21.5
2013-07-03,0.0
2013-07-05,0.0
2013-07-08,0.0
2013-07-09,0.0
2013-07-10,-30.0
2013-07-11,24.5
2013-07-12,0.0
2013-07-15,0.0
2013-07-16,0.0
2013-07-17,0.0
2013-07-18,-15.0
2013-07-19,-20.0
2013-07-22,17.0
2013-07-23,-37.5
2013-07-24,16.5
2013-07-25,41.5
2013-07-26,0.0
2013-07-29,0.0
2013-07-30,-40.5
2013-07-31,-43.5
2013-08-01,-3.0
2013-08-02,12.5
2013-08-05,0.0
2013-08-06,-3.0
2013-08-07,-14.0
2013-08-08,0.0
2013-08-09,-30.5
2013-08-12,-25.0
2013-08-13,-9.5
2013-08-14,-18.0
2013-08-15,-12.0
2013-08-16,-23.0
2013-08-19,-43.0
2013-08-20,13.0
2013-08-21,-39.5
2013-08-22,33.0
2013-08-23,0.0
2013-08-26,-31.5
2013-08-27,35.5
2013-08-28,-17.0
2013-08-29,-5.5
2013-08-30,9.0
2013-09-03,0.0
2013-09-04,15.5
2013-09-05,0.0
2013-09-06,-27.5
2013-09-09,9.5
2013-09-10,0.0
2013-09-11,0.0
2013-09-12,0.0
2013-09-13,-10.0
2013-09-16,0.0
2013-09-17,4.0
2013-09-18,27.5
2013-09-19,0.0
2013-09-20,0.0
2013-09-23,-22.5
2013-09-24,0.0
2013-09-25,-16.0
2013-09-26,-20.0
2013-09-27,0.0
2013-09-30,0.0
2013-10-01,23.5
2013-10-02,0.0
2013-10-03,40.5
2013-10-04,27.5
2013-10-07,0.0
2013-10-08,47.5
2013-10-09,-40.5
2013-10-10,140.0
2013-10-11,0.5
2013-10-14,0.0
2013-10-15,0.0
2013-10-16,1.5
2013-10-17,0.0
2013-10-18,0.0
2013-10-21,0.0
2013-10-22,0.0
2013-10-23,-4.0
2013-10-24,0.0
2013-10-25,0.0
2013-10-28,0.0
2013-10-29,0.0
2013-10-30,0.0
2013-10-31,0.0
2013-11-01,-18.0
2013-11-04,0.0
2013-11-05,0.0
2013-11-06,-17.5
2013-11-07,97.5
2013-11-08,119.5
2013-11-11,-10.5
2013-11-12,6.0
2013-11-13,50.5
2013-11-14,0.0
2013-11-15,0.0
2013-11-18,-25.5
2013-11-19,-11.5
2013-11-20,0.0
2013-11-21,-12.5
2013-11-22,0.0
2013-11-25,0.0
2013-11-26,0.5
2013-11-27,-12.0
2013-11-29,0.0
2013-12-02,0.0
2013-12-03,-5.0
2013-12-04,-14.0
2013-12-05,-6.5
2013-12-06,0.0
2013-12-09,0.0
2013-12-10,0.0
2013-12-11,69.5
2013-12-12,0.0
2013-12-13,0.0
2013-12-16,0.0
2013-12-17,-15.5
2013-12-18,-13.5
2013-12-19,0.0
2013-12-20,29.0
2013-12-23,0.0
2013-12-24,0.0
2013-12-26,0.0
2013-12-27,0.0
2013-12-30,0.0
2013-12-31,-5.5
2014-01-02,-43.0
2014-01-03,13.0
2014-01-06,-22.0
2014-01-07,51.0
2014-01-08,-30.5
2014-01-09,-34.0
2014-01-10,-13.5
2014-01-13,77.0
2014-01-14,217.5
2014-01-15,-24.5
2014-01-16,0.0
2014-01-17,0.0
2014-01-21,0.0
2014-01-22,0.0
2014-01-23,-26.0
2014-01-24,81.5
2014-01-27,-100.5
2014-01-28,-6.5
2014-01-29,-75.0
2014-01-30,130.5
2014-01-31,0.0
2014-02-03,113.5
2014-02-04,0.0
2014-02-05,-41.0
2014-02-06,20.5
2014-02-07,36.0
2014-02-10,-1.5
2014-02-11,12.5
2014-02-12,0.0
2014-02-13,-29.0
2014-02-14,0.0
2014-02-18,0.0
2014-02-19,0.0
2014-02-20,-30.5
2014-02-21,0.0
2014-02-24,2.5
2014-02-25,-11.0
2014-02-26,0.0
2014-02-27,-9.5
2014-02-28,-36.5
2014-03-03,-24.0
2014-03-04,0.0
2014-03-05,0.0
2014-03-06,-23.5
2014-03-07,-4.5
2014-03-10,-22.5
2014-03-11,-9.5
2014-03-12,-31.5
2014-03-13,80.5
2014-03-14,0.0
2014-03-17,0.0
2014-03-18,35.0
2014-03-19,-20.0
2014-03-20,0.0
2014-03-21,20.0
2014-03-24,-1.0
2014-03-25,1.0
2014-03-26,-120.5
2014-03-27,-87.0
2014-03-28,0.0
2014-03-31,40.5
2014-04-01,23.0
2014-04-02,0.0
2014-04-03,1.0
2014-04-04,122.5
2014-04-07,-14.5
2014-04-08,24.0
2014-04-09,136.5
2014-04-10,163.5
2014-04-11,0.0
2014-04-14,0.0
2014-04-15,-23.5
2014-04-16,0.0
2014-04-17,0.0
2014-04-21,0.0
2014-04-22,0.0
2014-04-23,-12.0
2014-04-24,0.0
2014-04-25,-11.0
2014-04-28,-81.0
2014-04-29,0.0
2014-04-30,0.0
2014-05-01,0.0
2014-05-02,0.0
2014-05-05,-1.0
2014-05-06,9.5
2014-05-07,-41.5
2014-05-08,9.5
2014-05-09,27.0
2014-05-12,142.0
2014-05-13,0.0
2014-05-14,0.0
2014-05-15,0.0
2014-05-16,0.0
2014-05-19,4.0
2014-05-20,-32.5
2014-05-21,12.5
2014-05-22,0.0
2014-05-23,0.0
2014-05-26,0.0
2014-05-27,0.0
2014-05-28,0.0
2014-05-29,0.0
2014-05-30,-6.0
2014-06-02,-27.0
2014-06-03,0.0
2014-06-04,-1.0
2014-06-05,12.0
2014-06-06,0.0
2014-06-09,0.0
2014-06-10,0.0
2014-06-11,0.0
2014-06-16,0.0
2014-06-17,-18.5
2014-06-18,5.5
2014-06-19,-2.0
2014-06-20,0.0
2014-06-23,0.0
2014-06-24,-44.5
2014-06-25,20.5
2014-06-26,-46.0
2014-06-27,2.5
2014-06-30,-49.0
2014-07-01,31.0
2014-07-02,0.0
2014-07-03,0.0
2014-07-04,0.0
2014-07-07,0.0
2014-07-08,33.0
2014-07-09,2.0
2014-07-10,0.0
2014-07-11,0.0
2014-07-14,0.0
2014-07-15,-18.0
2014-07-16,0.0
2014-07-17,17.0
2014-07-18,31.5
2014-07-21,-21.5
2014-07-22,-5.0
2014-07-23,0.0
2014-07-24,-7.0
2014-07-25,0.0
2014-07-28,-30.5
2014-07-29,0.0
2014-07-30,0.0
2014-07-31,50.0
2014-08-01,-99.0
2014-08-04,60.5
2014-08-05,-81.5
2014-08-06,-34.5
2014-08-07,-44.5
2014-08-08,59.0
2014-08-11,-11.0
2014-08-12,-9.0
2014-08-13,25.0
2014-08-14,0.0
2014-08-15,0.0
2014-08-18,-4.5
2014-08-19,0.0
2014-08-20,0.0
2014-08-21,0.0
2014-08-22,-29.0
2014-08-25,0.0
2014-08-26,0.0
2014-08-27,-9.0
2014-08-28,0.0
2014-08-29,0.0
2014-09-01,0.0
2014-09-02,0.0
2014-09-03,29.5
2014-09-04,-16.5
2014-09-05,-20.0
2014-09-08,-32.5
2014-09-09,-70.0
2014-09-10,38.0
2014-09-11,-24.0
2014-09-12,-1.5
2014-09-15,0.5
2014-09-16,99.5
2014-09-17,6.0
2014-09-18,0.0
2014-09-19,-14.0
2014-09-22,7.0
2014-09-26,0.0
2014-09-29,0.0
2014-09-30,-27.5
2014-10-01,41.5
2014-10-02,-37.5
2014-10-03,73.0
2014-10-06,0.0
2014-10-07,0.0
2014-10-08,95.0
2014-10-09,57.5
2014-10-10,-1.5
2014-10-13,-64.0
2014-10-14,1.0
2014-10-15,-68.0
2014-10-16,-46.5
2014-10-17,77.5
2014-10-20,72.5
2014-10-21,48.5
2014-10-22,0.0
2014-10-23,11.5
2014-10-24,0.0
2014-10-27,-28.5
2014-10-28,-14.5
2014-10-29,0.0
2014-10-30,0.0
2014-10-31,0.0
2014-11-03,0.0
2014-11-04,-36.5
2014-11-05,0.0
2014-11-06,-19.0
2014-11-07,-7.0
2014-11-10,-7.0
2014-11-11,0.0
2014-11-12,0.0
2014-11-13,-56.5
2014-11-14,0.0
2014-11-17,-27.5
2014-11-18,11.5
2014-11-19,-41.5
2014-11-20,-3.0
2014-11-21,0.0
2014-11-24,-7.0
2014-11-25,0.0
2014-11-26,15.0
2014-11-27,0.0
2014-11-28,0.0
2014-12-01,-8.0
2014-12-02,-12.5
2014-12-03,0.0
2014-12-04,0.0
2014-12-05,0.0
2014-12-08,14.5
2014-12-09,29.5
2014-12-10,-152.0
2014-12-11,-55.0
2014-12-12,-77.0
2014-12-15,-16.5
2014-12-16,-153.0
2014-12-17,200.0
2014-12-18,185.5
2014-12-19,-26.5
2014-12-22,0.0
2014-12-23,0.0
2014-12-24,0.0
2014-12-26,0.0
2014-12-29,0.0
2014-12-30,0.0
2015-01-02,-36.0
2015-01-05,-122.5
2015-01-06,-119.5
2015-01-07,15.5
2015-01-08,205.0
2015-01-09,-37.5
2015-01-12,-16.0
2015-01-13,-63.5
2015-01-14,0.0
2015-01-15,-57.5
2015-01-16,97.5
2015-01-19,-9.0
2015-01-20,80.5
2015-01-21,-36.5
2015-01-22,17.5
2015-01-23,0.0
2015-01-26,0.0
2015-01-27,-12.0
2015-01-28,-22.0
2015-01-29,77.5
2015-01-30,-63.5
2015-02-02,35.0
2015-02-03,0.0
2015-02-04,0.0
2015-02-05,0.0
2015-02-06,-39.5
2015-02-09,0.0
2015-02-10,32.5
2015-02-11,0.0
2015-02-12,0.0
2015-02-13,0.0
2015-02-16,0.0
2015-02-17,0.0
2015-02-18,0.0
2015-02-19,8.0
2015-02-20,11.0
2015-02-23,0.0
2015-02-24,-32.0
2015-02-25,0.0
2015-02-26,-27.5
2015-02-27,-1.0
2015-03-02,9.5
2015-03-03,-14.5
2015-03-04,-37.0
2015-03-05,-19.5
2015-03-06,45.0
2015-03-09,28.0
2015-03-10,-101.0
2015-03-11,-96.5
2015-03-12,73.5
2015-03-13,-50.0
2015-03-16,0.0
2015-03-17,0.0
2015-03-18,21.0
2015-03-19,0.0
2015-03-20,0.0
2015-03-23,0.0
2015-03-24,-5.5
2015-03-25,142.0
2015-03-26,-27.5
2015-03-27,6.0
2015-03-30,66.0
2015-03-31,3.0
2015-04-01,-62.0
2015-04-02,0.0
2015-04-06,8.0
2015-04-07,-23.5
2015-04-08,-17.0
2015-04-09,2.0
2015-04-10,0.0
2015-04-13,-13.0
2015-04-14,-21.0
2015-04-15,0.0
2015-04-16,0.0
2015-04-17,5.0
2015-04-20,25.0
2015-04-21,0.0
2015-04-22,0.0
2015-04-23,-15.0
2015-04-24,0.0
2015-04-27,0.0
2015-04-28,-34.5
2015-04-29,-50.5
2015-04-30,34.0
2015-05-01,133.0
2015-05-04,-15.5
2015-05-05,60.0
2015-05-06,5.0
2015-05-07,6.0
2015-05-08,-17.0
2015-05-11,0.0
2015-05-12,-54.0
2015-05-13,0.0
2015-05-14,27.5
2015-05-15,0.0
2015-05-18,-28.5
2015-05-19,0.0
2015-05-20,-27.0
2015-05-21,-13.5
2015-05-22,0.0
2015-05-25,0.0
2015-05-26,21.0
2015-05-27,75.0
2015-05-28,-5.5
2015-05-29,-21.5
2015-06-01,0.0
2015-06-02,0.0
2015-06-03,0.0
2015-06-04,-15.5
2015-06-05,0.0
2015-06-08,37.0
2015-06-09,-61.0
2015-06-10,167.5
2015-06-11,0.0
2015-06-12,-28.5
2015-06-15,0.0
2015-06-16,15.0
2015-06-17,-27.5
2015-06-18,42.5
2015-06-19,0.0
2015-06-22,0.0
2015-06-23,0.0
2015-06-24,0.0
2015-06-25,0.0
2015-06-26,-6.0
2015-06-29,-151.0
2015-06-30,31.5
2015-07-01,65.0
2015-07-02,10.5
2015-07-03,0.0
2015-07-06,0.0
2015-07-07,-90.0
2015-07-08,-9.5
2015-07-09,-2.0
2015-07-10,145.0
2015-07-13,31.5
2015-07-14,10.5
2015-07-15,0.0
2015-07-16,0.0
2015-07-17,0.0
2015-07-20,0.0
2015-07-21,0.0
2015-07-22,0.0
2015-07-23,-25.0
2015-07-24,24.5
2015-07-27,-75.0
2015-07-28,81.5
2015-07-29,42.0
2015-07-30,-44.0
2015-07-31,0.0
2015-08-03,-71.5
2015-08-04,-56.5
2015-08-05,-34.0
2015-08-06,89.5
2015-08-07,-12.5
2015-08-10,-23.5
2015-08-11,18.0
2015-08-12,-51.0
2015-08-13,0.0
2015-08-14,0.0
2015-08-17,30.5
2015-08-18,0.0
2015-08-19,-24.5
2015-08-20,35.0
2015-08-21,-170.0
2015-08-24,-333.5
2015-08-25,-35.0
2015-08-26,440.0
2015-08-27,-18.0
2015-08-28,0.0
2015-08-31,0.0
2015-09-01,0.0
2015-09-02,0.0
2015-09-03,0.0
2015-09-04,0.0
2015-09-07,0.0
2015-09-08,0.0
2015-09-09,0.0
2015-09-10,-42.0
2015-09-11,0.0
2015-09-14,0.0
2015-09-15,16.0
2015-09-16,0.0
2015-09-17,-113.5
2015-09-18,0.0
2015-09-21,-45.5
2015-09-22,-16.5
2015-09-23,0.0
2015-09-24,16.0
2015-09-25,1.5
2015-09-28,134.0
2015-09-29,-86.0
2015-09-30,-4.5
2015-10-01,-141.5
2015-10-02,-32.0
2015-10-05,1.5
2015-10-06,-40.0
2015-10-07,-50.0
2015-10-08,-19.0
2015-10-09,0.0
2015-10-12,0.0
2015-10-13,0.0
2015-10-14,-65.0
2015-10-15,20.5
2015-10-16,0.0
2015-10-19,-24.5
2015-10-20,-16.0
2015-10-21,-15.5
2015-10-22,59.0
2015-10-23,0.0
2015-10-26,-19.0
2015-10-27,0.0
2015-10-28,-28.0
2015-10-29,0.0
2015-10-30,0.0
2015-11-02,46.5
2015-11-03,-4.5
2015-11-04,-10.5
2015-11-05,-137.0
2015-11-06,-11.0
2015-11-09,27.5
2015-11-10,-25.5
2015-11-11,-12.0
2015-11-12,-91.0
2015-11-13,-60.0
2015-11-16,214.5
2015-11-17,-15.0
2015-11-18,258.0
2015-11-19,0.0
2015-11-20,0.0
2015-11-23,-13.0
2015-11-24,-56.5
2015-11-25,0.0
2015-11-26,0.0
2015-11-27,0.0
2015-11-30,-10.5
2015-12-01,-60.0
2015-12-02,-14.5
2015-12-03,82.5
2015-12-04,117.0
2015-12-07,-19.5
2015-12-08,0.0
2015-12-09,50.5
2015-12-10,0.0
2015-12-11,-40.5
2015-12-14,0.0
2015-12-15,-14.5
2015-12-16,0.0
2015-12-17,53.5
2015-12-18,14.0
2015-12-21,0.0
2015-12-22,0.0
2015-12-23,0.0
2015-12-24,0.0
2015-12-28,12.0
2015-12-29,47.5
2015-12-30,-10.0
2015-12-31,-6.0
2016-01-04,-75.0
2016-01-05,-37.0
2016-01-06,-78.5
2016-01-07,-254.0
2016-01-08,-98.0
2016-01-11,-15.5
2016-01-12,79.5
2016-01-13,223.5
2016-01-14,-95.5
2016-01-15,-39.0
2016-01-18,0.0
2016-01-19,0.0
2016-01-20,-99.5
2016-01-21,-46.5
2016-01-22,0.0
2016-01-25,0.0
2016-01-26,0.0
2016-01-27,-37.0
2016-01-28,0.0
2016-01-29,104.5
2016-02-01,0.0
2016-02-02,81.5
2016-02-03,-114.5
2016-02-04,0.0
2016-02-05,182.5
2016-02-08,-86.5
2016-02-09,0.0
2016-02-10,-94.5
2016-02-11,0.0
2016-02-12,0.0
2016-02-15,0.0
2016-02-16,0.0
2016-02-17,50.5
2016-02-18,0.0
2016-02-19,0.0
2016-02-22,0.0
2016-02-23,0.0
2016-02-24,0.0
2016-02-25,0.0
2016-02-26,0.0
2016-02-29,-14.0
2016-03-01,121.0
2016-03-02,0.0
2016-03-03,-23.0
2016-03-04,-14.0
2016-03-07,-6.5
2016-03-08,0.0
2016-03-09,0.0
2016-03-10,-88.0
2016-03-11,0.0
2016-03-14,0.0
2016-03-15,0.0
2016-03-16,16.5
2016-03-17,-18.5
2016-03-18,0.0
2016-03-21,0.0
2016-03-22,-24.0
2016-03-23,-10.0
2016-03-24,0.0
2016-03-28,0.0
2016-03-29,108.5
2016-03-30,-53.5
2016-03-31,0.0
2016-04-01,34.5
2016-04-04,-13.0
2016-04-05,0.0
2016-04-06,80.0
2016-04-07,36.0
2016-04-08,0.0
2016-04-11,-43.5
2016-04-12,-7.5
2016-04-13,-17.5
2016-04-14,0.0
2016-04-15,0.0
2016-04-18,-25.5
2016-04-19,-17.0
2016-04-20,0.0
2016-04-21,-20.0
2016-04-22,-9.0
2016-04-25,-0.5
2016-04-26,-41.5
2016-04-27,-145.5
2016-04-28,-86.5
2016-04-29,-56.0
2016-05-02,97.5
2016-05-03,-82.0
2016-05-04,-56.5
2016-05-05,-1.5
2016-05-06,44.5
2016-05-09,13.0
2016-05-10,44.0
2016-05-11,22.5
2016-05-12,-3.0
2016-05-13,-50.5
2016-05-16,59.0
2016-05-17,60.0
2016-05-18,-23.0
2016-05-19,-9.5
2016-05-20,-8.0
2016-05-23,0.0
2016-05-24,76.5
2016-05-25,0.0
2016-05-26,0.0
2016-05-27,0.0
2016-05-30,0.0
2016-05-31,0.0
2016-06-01,0.0
2016-06-02,-27.5
2016-06-03,-40.5
2016-06-06,0.0
2016-06-07,0.0
2016-06-08,0.0
2016-06-09,0.0
2016-06-10,-10.5
2016-06-13,-3.0
2016-06-14,-38.5
2016-06-15,-28.5
2016-06-16,-53.0
2016-06-17,-83.5
2016-06-20,15.5
2016-06-21,7.5
2016-06-22,-36.5
2016-06-23,-27.5
2016-06-24,-27.0
2016-06-27,57.5
2016-06-28,-6.5
2016-06-29,10.5
2016-06-30,42.5
2016-07-01,-36.5
2016-07-04,0.0
2016-07-05,-9.0
2016-07-06,-10.5
2016-07-07,0.0
2016-07-08,41.5
2016-07-11,-14.5
2016-07-12,0.0
2016-07-13,0.0
2016-07-14,0.0
2016-07-15,0.0
2016-07-18,5.0
2016-07-19,0.0
2016-07-20,26.5
2016-07-21,0.0
2016-07-22,-12.0
2016-07-25,0.0
2016-07-26,-71.5
2016-07-27,0.0
2016-07-28,0.0
2016-07-29,0.0
2016-08-01,-16.0
2016-08-02,23.5
2016-08-03,0.0
2016-08-04,0.0
2016-08-05,-7.5
2016-08-08,-27.5
2016-08-09,5.0
2016-08-10,-40.5
2016-08-11,0.0
2016-08-12,0.0
2016-08-15,1.0
2016-08-16,-15.5
2016-08-17,-38.0
2016-08-18,0.0
2016-08-19,0.0
2016-08-22,0.0
2016-08-23,0.0
2016-08-24,8.0
2016-08-25,0.0
2016-08-26,-112.5
2016-08-29,-17.0
2016-08-30,-26.0
2016-08-31,-18.5
2016-09-01,-90.0
2016-09-02,-12.0
2016-09-05,0.0
2016-09-06,-19.0
2016-09-07,-13.0
2016-09-08,-29.5
2016-09-09,136.0
2016-09-12,0.0
2016-09-13,-27.0
2016-09-14,-46.0
2016-09-15,115.5
2016-09-16,0.0
2016-09-19,-24.5
2016-09-20,0.0
2016-09-21,0.0
2016-09-22,0.0
2016-09-23,0.0
2016-09-26,-23.0
2016-09-27,32.0
2016-09-28,0.0
2016-09-29,-89.0
2016-09-30,-15.0
2016-10-03,0.0
2016-10-04,-29.0
2016-10-05,-19.0
2016-10-06,-8.5
2016-10-07,-40.0
2016-10-10,-3.5
2016-10-11,81.5
2016-10-12,0.0
2016-10-13,-48.0
2016-10-14,-45.5
2016-10-17,-46.0
2016-10-18,0.0
2016-10-19,0.0
2016-10-20,-22.0
2016-10-21,-13.5
2016-10-24,22.0
2016-10-25,-18.0
2016-10-26,0.0
2016-10-27,-11.0
2016-10-28,-20.5
2016-10-31,-5.0
2016-11-01,-49.0
2016-11-02,-36.0
2016-11-03,-55.5
2016-11-04,-53.5
2016-11-07,285.5
2016-11-08,27.0
2016-11-09,0.0
2016-11-10,-43.0
2016-11-11,-18.0
2016-11-14,-24.0
2016-11-15,122.0
2016-11-16,0.0
2016-11-17,0.0
2016-11-18,0.0
2016-11-21,-37.0
2016-11-22,0.0
2016-11-23,0.0
2016-11-24,0.0
2016-11-25,0.0
2016-11-28,0.0
2016-11-29,-6.5
2016-11-30,21.0
2016-12-01,117.0
2016-12-02,12.5
2016-12-05,79.0
2016-12-06,11.5
2016-12-07,66.0
2016-12-08,0.0
2016-12-09,-8.0
2016-12-12,0.0
2016-12-13,0.0
2016-12-14,0.0
2016-12-15,-35.5
2016-12-16,-31.5
2016-12-19,0.0
2016-12-20,0.0
2016-12-21,0.0
2016-12-22,-24.0
2016-12-23,0.0
2016-12-27,-77.0
2016-12-28,9.5
2016-12-29,0.0
2016-12-30,50.0
2017-01-03,26.5
2017-01-04,22.0
2017-01-05,-14.5
2017-01-06,31.0
2017-01-09,0.0
2017-01-10,-8.0
2017-01-11,0.0
2017-01-12,-12.0
2017-01-13,-16.5
2017-01-16,0.0
2017-01-17,0.0
2017-01-18,0.0
2017-01-19,-31.5
2017-01-20,0.0
2017-01-23,0.0
2017-01-24,15.5
2017-01-25,-4.0
2017-01-26,0.0
2017-01-27,0.0
2017-01-30,-52.0
2017-01-31,-40.5
2017-02-01,0.0
2017-02-02,0.0
2017-02-03,-7.5
2017-02-06,0.0
2017-02-07,-24.0
2017-02-08,-5.5
2017-02-09,-22.0
2017-02-10,-9.0
2017-02-13,2.0
2017-02-14,-2.5
2017-02-15,25.0
2017-02-16,0.0
2017-02-17,17.0
2017-02-20,0.0
2017-02-21,-12.0
2017-02-22,0.0
2017-02-23,20.5
2017-02-24,0.0
2017-02-27,0.0
2017-02-28,-40.0
2017-03-01,20.0
2017-03-02,29.5
2017-03-03,-9.0
2017-03-06,-10.5
2017-03-07,-7.5
2017-03-08,-40.5
2017-03-09,-19.0
2017-03-10,0.0
2017-03-13,0.0
2017-03-14,-6.5
2017-03-15,9.0
2017-03-16,-24.0
2017-03-17,0.0
2017-03-20,-22.0
2017-03-21,113.5
2017-03-22,103.5
2017-03-23,-25.0
2017-03-24,9.0
2017-03-27,0.0
2017-03-28,23.5
2017-03-29,-1.0
2017-03-30,-8.5
2017-03-31,0.0
2017-04-03,-33.5
2017-04-04,0.0
2017-04-05,-30.5
2017-04-06,0.0
2017-04-07,-24.5
2017-04-10,-17.5
2017-04-11,-27.5
2017-04-12,-79.0
2017-04-13,-41.0
2017-04-17,72.0
2017-04-18,0.0
2017-04-19,-24.5
2017-04-20,8.0
2017-04-21,0.0
2017-04-24,0.0
2017-04-25,14.0
2017-04-26,0.0
2017-04-27,-10.5
2017-04-28,0.0
2017-05-01,18.0
2017-05-02,0.0
2017-05-03,-33.0
2017-05-04,-27.0
2017-05-05,0.0
2017-05-08,0.0
2017-05-09,-35.0
2017-05-10,-18.5
2017-05-11,-42.5
2017-05-12,-9.0
2017-05-15,-15.0
2017-05-16,0.0
2017-05-17,159.0
2017-05-18,31.0
2017-05-19,-19.0
2017-05-22,14.5
2017-05-23,0.0
2017-05-24,0.0
2017-05-25,0.0
2017-05-26,0.0
2017-05-29,0.0
2017-05-30,0.0
2017-05-31,-37.0
2017-06-01,0.0
2017-06-02,36.5
2017-06-05,0.0
2017-06-06,0.0
2017-06-07,0.0
2017-06-08,-31.0
2017-06-09,244.0
2017-06-12,32.5
2017-06-13,89.0
2017-06-14,-82.0
2017-06-15,-99.0
2017-06-16,-58.5
2017-06-19,217.5
2017-06-20,-47.5
2017-06-21,42.5
2017-06-22,-19.5
2017-06-23,13.0
2017-06-26,-33.0
2017-06-27,73.5
2017-06-28,221.0
2017-06-29,-123.0
2017-06-30,-10.0
2017-07-03,-124.5
2017-07-04,-16.5
2017-07-05,142.0
2017-07-06,-127.5
2017-07-07,118.0
2017-07-10,-26.5
2017-07-11,-14.5
2017-07-12,0.0
2017-07-13,-51.5
2017-07-14,0.0
2017-07-17,0.0
2017-07-18,8.5
2017-07-19,0.0
2017-07-20,0.0
2017-07-21,0.0
2017-07-24,-5.5
2017-07-25,0.0
2017-07-26,0.0
2017-07-27,-2.5
2017-07-28,0.0
2017-07-31,-7.5
2017-08-01,0.0
2017-08-02,7.0
2017-08-03,-50.5
2017-08-04,0.0
2017-08-07,-9.0
2017-08-08,-23.5
2017-08-09,0.0
2017-08-10,139.0
2017-08-11,109.5
2017-08-14,157.0
2017-08-15,0.0
2017-08-16,0.0
2017-08-17,159.0
2017-08-18,-44.5
2017-08-21,-25.0
2017-08-22,249.5
2017-08-23,0.0
2017-08-24,-57.5
2017-08-25,0.0
2017-08-28,0.0
2017-08-29,-9.5
2017-08-30,85.0
2017-08-31,6.5
2017-09-01,0.0
2017-09-04,0.0
2017-09-05,-58.0
2017-09-06,0.0
2017-09-07,0.0
2017-09-08,18.5
2017-09-11,0.0
2017-09-12,0.0
2017-09-13,0.0
2017-09-14,0.0
2017-09-15,-37.0
2017-09-18,0.0
2017-09-19,0.0
2017-09-20,-60.0
2017-09-21,-54.0
2017-09-22,-8.5
2017-09-25,-81.0
2017-09-26,33.0
2017-09-27,140.5
2017-09-28,0.0
2017-09-29,20.5
2017-10-02,-36.0
2017-10-03,0.0
2017-10-04,0.0
2017-10-05,23.0
2017-10-06,0.0
2017-10-09,0.0
2017-10-10,0.0
2017-10-11,0.0
2017-10-12,0.0
2017-10-13,0.0
2017-10-16,-23.5
2017-10-17,0.0
2017-10-18,-7.5
2017-10-19,-42.5
2017-10-20,0.0
2017-10-23,26.5
2017-10-24,0.0
2017-10-25,-4.0
2017-10-26,-40.0
2017-10-27,116.5
2017-10-30,-24.0
2017-10-31,0.0
2017-11-01,0.0
2017-11-02,-52.0
2017-11-03,24.0
2017-11-06,-11.5
2017-11-07,0.0
2017-11-08,7.0
2017-11-09,-55.0
2017-11-10,0.0
2017-11-13,0.0
2017-11-14,-28.5
2017-11-15,-35.0
2017-11-16,225.5
2017-11-17,8.5
2017-11-20,0.0
2017-11-21,15.0
2017-11-22,0.0
2017-11-23,0.0
2017-11-24,0.0
2017-11-27,0.0
2017-11-28,0.0
2017-11-29,116.5
2017-11-30,71.5
2017-12-01,-118.0
2017-12-04,-159.5
2017-12-05,-44.5
2017-12-06,23.0
2017-12-07,-3.5
2017-12-08,0.0
2017-12-11,0.0
2017-12-12,0.0
2017-12-13,0.0
2017-12-14,0.0
2017-12-15,28.5
2017-12-18,0.0
2017-12-19,-41.0
2017-12-20,0.5
2017-12-21,0.0
2017-12-22,0.0
2017-12-26,-20.5
2017-12-27,-22.5
2017-12-28,1.5
2017-12-29,-53.0
2018-01-02,298.0
2018-01-03,39.5
2018-01-04,0.0
2018-01-05,9.0
2018-01-08,-15.5
2018-01-09,0.0
2018-01-10,-23.5
2018-01-11,9.0
2018-01-12,48.5
2018-01-15,0.0
2018-01-16,-65.5
2018-01-17,1.5
2018-01-18,0.0
2018-01-19,0.0
2018-01-22,81.0
2018-01-23,-53.0
2018-01-24,-6.5
2018-01-25,0.0
2018-01-26,21.0
2018-01-29,-19.0
2018-01-30,0.0
2018-01-31,0.0
2018-02-01,0.0
2018-02-02,115.0
2018-02-05,-367.5
2018-02-06,155.5
2018-02-07,-173.5
2018-02-08,-62.0
2018-02-09,22.5
2018-02-12,184.5
2018-02-13,0.0
2018-02-14,130.5
2018-02-15,0.0
2018-02-16,0.0
2018-02-19,0.0
2018-02-20,-34.5
2018-02-21,0.0
2018-02-22,0.0
2018-02-23,0.0
2018-02-26,0.0
2018-02-27,0.0
2018-02-28,0.0
2018-03-01,-29.0
2018-03-02,0.0
2018-03-05,22.0
2018-03-06,0.0
2018-03-07,0.0
2018-03-08,0.0
2018-03-09,102.0
2018-03-12,0.0
2018-03-13,55.0
2018-03-14,0.0
2018-03-15,0.0
2018-03-16,-11.5
2018-03-19,148.5
2018-03-20,58.5
2018-03-21,-70.0
2018-03-22,-407.0
2018-03-23,-195.0
2018-03-26,521.5
2018-03-27,348.0
2018-03-28,-102.0
2018-03-29,20.0
2018-04-02,195.0
2018-04-03,0.0
2018-04-04,61.0
2018-04-05,0.0
2018-04-06,16.0
2018-04-09,60.0
2018-04-10,0.0
2018-04-11,0.0
2018-04-12,-19.5
2018-04-13,0.0
2018-04-16,0.0
2018-04-17,48.0
2018-04-18,0.0
2018-04-19,0.0
2018-04-20,51.0
2018-04-23,0.0
2018-04-24,237.0
2018-04-25,-124.5
2018-04-26,246.5
2018-04-27,0.0
2018-04-30,0.0
2018-05-01,0.0
2018-05-02,0.0
2018-05-03,-72.0
2018-05-04,136.0
2018-05-07,6.5
2018-05-08,0.0
2018-05-09,0.0
2018-05-10,0.0
2018-05-11,0.0
2018-05-14,0.0
2018-05-15,-83.0
2018-05-16,-22.5
2018-05-17,0.0
2018-05-18,0.0
2018-05-21,-20.5
2018-05-22,0.0
2018-05-23,41.5
2018-05-24,-44.5
2018-05-25,-24.5
2018-05-28,0.0
2018-05-29,-22.0
2018-05-30,-52.0
2018-05-31,-30.5
2018-06-01,99.0
2018-06-04,3.5
2018-06-05,0.0
2018-06-06,0.0
2018-06-07,15.5
2018-06-08,0.0
2018-06-11,0.0
2018-06-12,-57.5
2018-06-13,-31.0
2018-06-14,-1.5
2018-06-15,-7.5
2018-06-18,0.0
2018-06-19,0.0
2018-06-20,-58.0
2018-06-21,-12.0
2018-06-22,-11.0
2018-06-25,132.5
2018-06-26,15.5
2018-06-27,-99.0
2018-06-28,29.5
2018-06-29,3.5
2018-07-02,0.0
2018-07-03,0.0
2018-07-04,0.0
2018-07-05,0.0
2018-07-06,126.0
2018-07-09,0.0
2018-07-10,0.0
2018-07-11,0.0
2018-07-12,122.0
2018-07-13,0.0
2018-07-16,0.0
2018-07-17,-8.0
2018-07-18,-6.0
2018-07-19,0.0
2018-07-20,0.0
2018-07-23,0.0
2018-07-24,0.0
2018-07-25,150.5
2018-07-26,0.0
2018-07-27,148.0
2018-07-30,47.5
2018-07-31,69.5
2018-08-01,43.0
2018-08-02,327.0
2018-08-03,0.0
2018-08-06,0.0
2018-08-07,0.0
2018-08-08,0.0
2018-08-09,0.0
2018-08-10,0.0
2018-08-13,-57.0
2018-08-14,0.0
2018-08-15,9.5
2018-08-16,0.0
2018-08-17,-38.0
2018-08-20,-61.5
2018-08-21,-22.5
2018-08-22,-29.5
2018-08-23,-22.0
2018-08-24,14.0
2018-08-27,13.0
2018-08-28,0.0
2018-08-29,113.0
2018-08-30,-11.0
2018-08-31,0.0
2018-09-03,0.0
2018-09-04,-41.5
2018-09-05,76.5
2018-09-06,-118.5
2018-09-07,-43.0
2018-09-10,36.5
2018-09-11,81.0
2018-09-12,-73.0
2018-09-13,-17.0
2018-09-14,0.0
2018-09-17,0.0
2018-09-18,8.0
2018-09-19,-28.5
2018-09-20,0.0
2018-09-21,0.0
2018-09-24,0.0
2018-09-25,0.0
2018-09-26,-151.5
2018-09-27,4.0
2018-09-28,0.0
2018-10-01,0.0
2018-10-02,-21.5
2018-10-03,0.0
2018-10-04,132.5
2018-10-05,-126.5
2018-10-08,-178.0
2018-10-09,12.5
2018-10-10,-258.0
2018-10-11,-406.0
2018-10-12,385.0
2018-10-15,-263.5
2018-10-16,576.5
2018-10-17,-89.5
2018-10-18,48.5
2018-10-19,-66.5
2018-10-22,0.0
2018-10-23,-85.0
2018-10-24,548.5
2018-10-25,143.0
2018-10-26,0.0
2018-10-29,-5.0
2018-10-30,-144.5
2018-10-31,1.5
2018-11-01,-30.0
2018-11-02,36.0
2018-11-05,9.0
2018-11-06,-73.0
2018-11-07,152.0
2018-11-08,0.0
2018-11-09,-16.0
2018-11-12,161.5
2018-11-13,0.0
2018-11-14,0.0
2018-11-15,63.5
2018-11-16,0.0
2018-11-19,272.5
2018-11-20,0.0
2018-11-21,0.0
2018-11-22,0.0
2018-11-23,0.0
2018-11-26,-24.5
2018-11-27,0.0
2018-11-28,142.5
2018-11-29,0.0
2018-11-30,0.0
2018-12-03,0.0
2018-12-04,149.0
2018-12-06,0.0
2018-12-07,297.5
2018-12-10,0.0
2018-12-11,0.0
2018-12-12,-2.0
2018-12-13,0.0
2018-12-14,0.0
2018-12-17,0.0
2018-12-18,-4.5
2018-12-19,4.5
2018-12-20,-71.0
2018-12-21,220.0
2018-12-24,0.0
2018-12-26,103.0
2018-12-27,-118.5
2018-12-28,6.0
2018-12-31,0.0
2019-01-02,0.0
2019-01-03,-55.5
2019-01-04,241.5
2019-01-07,2.5
2019-01-08,0.0
2019-01-09,0.0
2019-01-10,0.0
2019-01-11,0.0
2019-01-14,0.0
2019-01-15,-23.5
2019-01-16,-29.0
2019-01-17,0.0
2019-01-18,0.0
2019-01-21,0.0
2019-01-22,32.5
2019-01-23,0.0
2019-01-24,0.0
2019-01-25,0.0
2019-01-28,-48.5
2019-01-29,-31.0
2019-01-30,91.5
2019-01-31,59.0
2019-02-01,0.0
2019-02-04,87.0
2019-02-05,-19.5
2019-02-06,-55.5
2019-02-07,-51.5
2019-02-08,0.0
2019-02-11,0.0
2019-02-12,63.5
2019-02-13,0.0
2019-02-14,0.0
2019-02-15,0.0
2019-02-18,0.0
2019-02-19,0.0
2019-02-20,0.0
2019-02-21,-7.5
2019-02-22,4.5
2019-02-25,0.0
2019-02-26,0.0
2019-02-27,-28.0
2019-02-28,0.0
2019-03-01,0.0
2019-03-04,-61.5
2019-03-05,0.0
2019-03-06,32.0
2019-03-07,14.5
2019-03-08,0.0
2019-03-11,0.0
2019-03-12,-36.5
2019-03-13,-42.0
2019-03-14,0.0
2019-03-15,15.5
2019-03-18,-64.5
2019-03-19,0.0
2019-03-20,-63.5
2019-03-21,173.0
2019-03-22,125.5
2019-03-25,-18.5
2019-03-26,-37.0
2019-03-27,-107.5
2019-03-28,0.0
2019-03-29,0.0
2019-04-01,0.0
2019-04-02,0.0
2019-04-03,-8.5
2019-04-04,-30.0
2019-04-05,0.0
2019-04-08,-29.0
2019-04-09,0.0
2019-04-10,0.0
2019-04-11,-17.0
2019-04-12,0.0
2019-04-15,-43.0
2019-04-16,0.0
2019-04-17,0.0
2019-04-18,-6.0
2019-04-22,-7.0
2019-04-23,99.0
2019-04-24,0.0
2019-04-25,0.0
2019-04-26,-91.0
2019-04-29,-13.5
2019-04-30,-14.0
2019-05-01,0.0
2019-05-02,22.0
2019-05-03,282.0
2019-05-06,0.0
2019-05-07,0.0
2019-05-08,0.0
2019-05-09,-23.0
2019-05-10,-25.0
2019-05-13,-62.0
2019-05-14,119.5
2019-05-15,296.5
2019-05-16,19.5
2019-05-17,0.0
2019-05-20,0.0
2019-05-21,0.0
2019-05-22,0.0
2019-05-23,-84.0
2019-05-24,0.0
2019-05-27,0.0
2019-05-28,0.0
2019-05-29,1.5
2019-05-30,55.0
2019-05-31,-241.0
2019-06-03,-186.5
2019-06-04,509.5
2019-06-05,0.0
2019-06-06,-2.5
2019-06-07,83.0
2019-06-10,-3.5
2019-06-11,0.0
2019-06-12,0.0
2019-06-13,-19.5
2019-06-14,0.0
2019-06-17,-25.0
2019-06-18,-35.0
2019-06-19,0.0
2019-06-20,0.0
2019-06-21,0.0
2019-06-24,0.0
2019-06-25,119.5
2019-06-26,-22.0
2019-06-27,0.0
2019-06-28,0.0
2019-07-01,0.0
2019-07-02,0.0
2019-07-03,0.0
2019-07-04,0.0
2019-07-05,9.0
2019-07-08,-59.5
2019-07-09,-28.0
2019-07-10,-96.0
2019-07-11,0.0
2019-07-12,-16.0
2019-07-15,0.0
2019-07-16,-53.5
2019-07-17,0.0
2019-07-18,-35.5
2019-07-19,47.0
2019-07-22,138.5
2019-07-23,0.0
2019-07-24,29.0
2019-07-25,-4.5
2019-07-26,-29.0
2019-07-29,-66.0
2019-07-30,0.0
2019-07-31,-7.5
2019-08-01,-172.0
2019-08-02,-253.5
2019-08-05,-383.0
2019-08-06,132.5
2019-08-07,64.0
2019-08-08,499.0
2019-08-09,-93.5
2019-08-12,0.0
2019-08-13,-39.5
2019-08-14,99.0
2019-08-15,0.0
2019-08-16,-78.0
2019-08-19,0.0
2019-08-20,0.0
2019-08-21,0.0
2019-08-22,-67.5
2019-08-23,201.5
2019-08-26,217.5
2019-08-27,-23.5
2019-08-28,41.5
2019-08-29,-18.5
2019-08-30,0.0
2019-09-02,0.0
2019-09-03,0.0
2019-09-04,0.0
2019-09-05,16.0
2019-09-06,0.0
2019-09-09,-46.0
2019-09-10,-74.0
2019-09-11,55.5
2019-09-12,-72.5
2019-09-13,0.0
2019-09-16,0.0
2019-09-17,0.0
2019-09-18,-160.0
2019-09-19,-67.5
2019-09-20,116.5
2019-09-23,0.0
2019-09-24,103.0
2019-09-25,211.0
2019-09-26,-13.0
2019-09-27,61.0
2019-09-30,36.0
2019-10-01,-85.0
2019-10-02,63.5
2019-10-03,122.5
2019-10-04,252.5
2019-10-07,0.0
2019-10-08,-61.0
2019-10-09,0.0
2019-10-10,-16.5
2019-10-11,-100.0
2019-10-14,0.0
2019-10-15,60.5
2019-10-16,0.0
2019-10-17,0.0
2019-10-18,-63.5
2019-10-21,0.0
2019-10-22,0.0
2019-10-23,0.0
2019-10-24,0.0
2019-10-25,50.0
2019-10-28,-15.5
2019-10-29,0.0
2019-10-30,0.0
2019-10-31,-50.0
2019-11-01,-15.5
2019-11-04,0.0
2019-11-05,0.0
2019-11-06,-49.5
2019-11-07,4.0
2019-11-08,0.0
2019-11-11,0.0
2019-11-12,-27.5
2019-11-13,0.0
2019-11-14,0.0
2019-11-15,0.0
2019-11-18,-40.0
2019-11-19,0.0
2019-11-20,-38.5
2019-11-21,-10.5
2019-11-22,-10.5
2019-11-25,53.5
2019-11-26,0.0
2019-11-27,24.0
2019-11-28,0.0
2019-11-29,0.0
2019-12-02,4.5
2019-12-03,12.5
2019-12-04,80.0
2019-12-05,29.0
2019-12-06,181.5
2019-12-09,-16.5
2019-12-10,0.0
2019-12-11,-9.0
2019-12-12,-58.0
2019-12-13,-10.0
2019-12-16,0.0
2019-12-17,0.0
2019-12-18,0.0
2019-12-19,38.5
2019-12-20,0.0
2019-12-23,0.0
2019-12-24,0.0
2019-12-26,61.5
2019-12-27,0.0
2019-12-30,-56.5
2019-12-31,0.0
2020-01-02,61.5
2020-01-03,0.0
2020-01-06,0.0
2020-01-07,0.0
2020-01-08,40.0
2020-01-09,0.0
2020-01-10,0.0
2020-01-13,80.0
2020-01-14,-47.5
2020-01-15,-17.0
2020-01-16,0.0
2020-01-17,0.0
2020-01-20,0.0
2020-01-21,0.0
2020-01-22,-19.0
2020-01-23,0.0
2020-01-24,56.5
2020-01-27,2.5
2020-01-28,367.0
2020-01-29,44.5
2020-01-30,0.0
2020-01-31,247.0
2020-02-03,-21.5
2020-02-04,68.0
2020-02-05,0.0
2020-02-06,-24.5
2020-02-07,0.0
2020-02-10,122.5
2020-02-11,0.0
2020-02-12,0.0
2020-02-13,0.0
2020-02-14,0.0
2020-02-17,0.0
2020-02-18,0.0
2020-02-19,0.0
2020-02-20,-94.5
2020-02-21,128.0
2020-02-24,-118.0
2020-02-25,-181.0
2020-02-26,43.5
2020-02-27,-816.0
2020-02-28,87.0
2020-03-02,858.5
2020-03-03,34.5
2020-03-04,90.5
2020-03-05,0.0
2020-03-06,0.0
2020-03-09,0.0
2020-03-10,0.0
2020-03-11,71.0
2020-03-12,-69.5
2020-03-13,0.0
2020-03-16,92.0
2020-03-17,207.5
2020-03-18,0.0
2020-03-19,-446.5
2020-03-20,-126.5
2020-03-23,-50.5
2020-03-24,0.0
2020-03-25,-483.5
2020-03-26,379.5
2020-03-27,0.0
2020-03-30,130.5
2020-03-31,-91.0
2020-04-01,0.0
2020-04-02,-213.0
2020-04-03,-16.5
2020-04-06,227.5
2020-04-07,0.0
2020-04-08,0.0
2020-04-09,0.0
2020-04-13,0.0
2020-04-14,140.0
2020-04-15,0.0
2020-04-16,-265.0
2020-04-17,0.0
2020-04-20,0.0
2020-04-21,343.0
2020-04-22,0.0
2020-04-23,57.5
2020-04-24,0.0
2020-04-27,0.0
2020-04-28,-126.0
2020-04-29,-12.0
2020-04-30,0.0
2020-05-01,-37.0
2020-05-04,0.0
2020-05-05,-202.5
2020-05-06,0.0
2020-05-07,0.0
2020-05-08,0.0
2020-05-11,-52.5
2020-05-12,0.0
2020-05-13,-144.5
2020-05-14,-81.5
2020-05-15,0.0
2020-05-18,-1.5
2020-05-19,21.0
2020-05-20,3.5
2020-05-21,38.5
2020-05-22,0.0
2020-05-25,0.0
2020-05-26,0.0
2020-05-27,-77.0
2020-05-28,-126.0
2020-05-29,0.0
2020-06-01,0.0
2020-06-02,-8.5
2020-06-03,0.0
2020-06-04,-46.0
2020-06-05,120.5
2020-06-08,0.0
2020-06-09,-47.5
2020-06-10,-213.5
2020-06-11,541.0
2020-06-12,-143.0
2020-06-15,-88.0
2020-06-16,0.0
2020-06-17,0.0
2020-06-18,0.0
2020-06-19,0.0
2020-06-22,27.0
2020-06-23,-40.5
2020-06-24,213.0
2020-06-25,-107.0
2020-06-26,333.5
2020-06-29,-78.0
2020-06-30,225.0
2020-07-01,9.0
2020-07-02,-74.0
2020-07-03,0.0
2020-07-06,53.0
2020-07-07,7.0
2020-07-08,-25.0
2020-07-09,0.0
2020-07-10,-148.5
2020-07-13,239.5
2020-07-14,0.0
2020-07-15,-96.0
2020-07-16,0.0
2020-07-17,-97.5
2020-07-20,336.0
2020-07-21,-52.0
2020-07-22,-86.0
2020-07-23,291.5
2020-07-24,18.5
2020-07-27,355.5
2020-07-28,-312.0
2020-07-29,257.5
2020-07-30,0.0
2020-07-31,0.0
2020-08-03,-35.5
2020-08-04,0.0
2020-08-05,0.0
2020-08-06,109.5
2020-08-07,-2.5
2020-08-10,7.5
2020-08-11,-52.5
2020-08-12,180.5
2020-08-13,-77.5
2020-08-14,-17.0
2020-08-17,-22.0
2020-08-18,0.0
2020-08-19,0.0
2020-08-20,184.0
2020-08-21,-2.0
2020-08-24,0.0
2020-08-25,0.0
2020-08-26,240.0
2020-08-27,-112.5
2020-08-28,0.0
2020-08-31,-113.5
2020-09-01,-70.0
2020-09-02,0.0
2020-09-03,817.5
2020-09-04,-243.5
2020-09-07,0.0
2020-09-08,-69.0
2020-09-09,520.0
2020-09-10,-439.5
2020-09-11,-300.5
2020-09-14,353.5
2020-09-15,0.0
2020-09-16,0.0
2020-09-17,0.0
2020-09-18,15.5
2020-09-21,91.5
2020-09-22,440.0
2020-09-23,269.0
2020-09-24,-250.5
2020-09-25,64.0
2020-09-28,0.0
2020-09-29,0.0
2020-09-30,-116.5
2020-10-01,0.0
2020-10-02,0.0
2020-10-05,54.0
2020-10-06,94.0
2020-10-07,-27.5
2020-10-08,0.0
2020-10-09,-7.0
2020-10-12,124.0
2020-10-13,0.0
2020-10-14,-24.5
2020-10-15,0.0
2020-10-16,0.0
2020-10-19,211.5
2020-10-20,45.0
2020-10-21,-158.0
2020-10-22,-118.5
2020-10-23,-87.5
2020-10-26,176.0
2020-10-27,184.0
2020-10-28,-564.5
2020-10-29,498.0
2020-10-30,-356.5
2020-11-02,27.0
2020-11-03,513.0
2020-11-04,5.0
2020-11-05,0.0
2020-11-06,-164.5
2020-11-09,0.0
2020-11-10,-142.5
2020-11-11,90.0
2020-11-12,0.0
2020-11-13,0.0
2020-11-16,0.0
2020-11-17,0.0
2020-11-18,0.0
2020-11-19,0.0
2020-11-20,0.0
2020-11-23,-72.0
2020-11-24,132.5
2020-11-25,0.0
2020-11-26,0.0
2020-11-27,0.0
2020-11-30,0.0
2020-12-01,21.5
2020-12-02,0.0
2020-12-03,-76.5
2020-12-04,-78.5
2020-12-07,-49.0
2020-12-08,-77.0
2020-12-09,375.5
2020-12-10,-9.5
2020-12-11,-47.5
2020-12-14,-151.0
2020-12-15,0.0
2020-12-16,0.0
2020-12-17,0.0
2020-12-18,-66.5
2020-12-21,-88.5
2020-12-22,0.0
2020-12-23,0.0
2020-12-24,0.0
2020-12-28,0.0
2020-12-29,0.0
2020-12-30,0.0
2020-12-31,0.0
2021-01-04,161.5
2021-01-05,180.5
2021-01-06,-346.0
2021-01-07,814.5
2021-01-08,0.0
2021-01-11,0.0
2021-01-12,-67.0
2021-01-13,-45.5
2021-01-14,0.0
2021-01-15,-142.5
2021-01-18,0.0
2021-01-19,27.0
2021-01-20,112.0
2021-01-21,0.0
2021-01-22,0.0
2021-01-25,-39.0
2021-01-26,0.0
2021-01-27,158.5
2021-01-28,-126.0
2021-01-29,-21.5
2021-02-01,68.0
2021-02-02,49.5
2021-02-03,0.0
2021-02-04,0.0
2021-02-05,0.0
2021-02-08,0.0
2021-02-09,0.0
2021-02-10,-28.0
2021-02-11,0.0
2021-02-12,0.0
2021-02-15,0.0
2021-02-16,0.0
2021-02-17,0.0
2021-02-18,-83.5
2021-02-19,-23.5
2021-02-22,-685.5
2021-02-23,-598.0
2021-02-24,228.5
2021-02-25,-350.0
2021-02-26,-488.0
2021-03-01,888.5
2021-03-02,320.0
2021-03-03,300.5
2021-03-04,-209.5
2021-03-05,260.0
2021-03-08,-577.0
2021-03-09,1187.0
2021-03-10,0.0
2021-03-11,-34.0
2021-03-12,-143.5
2021-03-15,0.0
2021-03-16,-34.0
2021-03-17,0.0
2021-03-18,0.0
2021-03-19,0.0
2021-03-22,3.0
2021-03-23,0.0
2021-03-24,135.5
2021-03-25,0.0
2021-03-26,-143.5
2021-03-29,-119.5
2021-03-30,-88.5
2021-03-31,26.0
2021-04-01,0.0
2021-04-05,126.0
2021-04-06,0.0
2021-04-07,0.0
2021-04-08,0.0
2021-04-09,0.0
2021-04-12,0.0
2021-04-13,35.5
2021-04-14,142.5
2021-04-15,-70.5
2021-04-16,-82.0
2021-04-19,-50.5
2021-04-20,14.0
2021-04-21,41.0
2021-04-22,-70.0
2021-04-23,196.5
2021-04-26,-49.5
2021-04-27,-71.0
2021-04-28,-58.0
2021-04-29,0.0
2021-04-30,0.0
2021-05-03,-62.5
2021-05-04,109.0
2021-05-05,-98.5
2021-05-06,87.5
2021-05-07,241.0
2021-05-10,339.0
2021-05-11,0.0
2021-05-12,-36.5
2021-05-13,190.5
2021-05-14,672.0
2021-05-17,-45.5
2021-05-18,0.0
2021-05-19,0.0
2021-05-20,196.5
2021-05-21,0.0
2021-05-24,92.5
2021-05-25,0.0
2021-05-26,0.0
2021-05-27,0.0
2021-05-28,0.0
2021-05-31,0.0
2021-06-01,-67.5
2021-06-02,0.0
2021-06-03,-25.5
2021-06-04,610.0
2021-06-07,0.0
2021-06-08,0.0
2021-06-09,0.0
2021-06-10,-85.5
2021-06-11,0.0
2021-06-14,0.0
2021-06-15,75.5
2021-06-16,0.0
2021-06-17,263.5
2021-06-18,-80.0
2021-06-21,-106.0
2021-06-22,166.5
2021-06-23,-33.5
2021-06-24,-13.0
2021-06-25,0.0
2021-06-28,82.5
2021-06-29,0.0
2021-06-30,0.0
2021-07-01,0.0
2021-07-02,9.5
2021-07-05,0.0
2021-07-06,0.0
2021-07-07,0.0
2021-07-08,0.0
2021-07-09,64.0
2021-07-12,0.0
2021-07-13,-74.0
2021-07-14,0.0
2021-07-15,39.5
2021-07-16,76.5
2021-07-19,69.0
2021-07-20,551.0
2021-07-21,70.0
2021-07-22,29.0
2021-07-23,66.5
2021-07-26,0.0
2021-07-27,194.0
2021-07-28,-50.5
2021-07-29,52.5
2021-07-30,0.0
2021-08-02,0.0
2021-08-03,-35.5
2021-08-04,0.0
2021-08-05,0.0
2021-08-06,0.0
2021-08-09,0.0
2021-08-10,-100.0
2021-08-11,0.0
2021-08-12,0.0
2021-08-13,0.0
2021-08-16,6.0
2021-08-17,-181.5
2021-08-18,-76.5
2021-08-19,-29.5
2021-08-20,303.0
2021-08-23,220.5
2021-08-24,0.0
2021-08-25,0.0
2021-08-26,0.0
2021-08-27,68.5
2021-08-30,148.0
2021-08-31,-36.0
2021-09-01,-24.0
2021-09-02,0.0
2021-09-03,0.0
2021-09-06,0.0
2021-09-07,0.0
2021-09-08,-74.5
2021-09-09,0.0
2021-09-10,53.0
2021-09-13,-362.5
2021-09-14,-224.0
2021-09-15,0.0
2021-09-16,0.0
2021-09-17,157.0
2021-09-20,-2.5
2021-09-21,28.0
2021-09-22,216.0
2021-09-23,342.5
2021-09-24,0.0
2021-09-27,-173.5
2021-09-28,333.0
2021-09-29,-153.0
2021-09-30,-133.0
2021-10-01,33.5
2021-10-04,-375.5
2021-10-05,603.0
2021-10-06,0.0
2021-10-07,3.5
2021-10-08,0.0
2021-10-11,9.5
2021-10-12,0.0
2021-10-13,0.0
2021-10-14,7.0
2021-10-15,0.0
2021-10-18,75.0
2021-10-19,0.0
2021-10-20,0.0
2021-10-21,0.0
2021-10-22,-66.5
2021-10-25,-62.0
2021-10-26,40.5
2021-10-27,-82.5
2021-10-28,-17.5
2021-10-29,0.0
2021-11-01,-49.0
2021-11-02,-12.5
2021-11-03,76.5
2021-11-04,185.0
2021-11-05,0.0
2021-11-08,0.0
2021-11-09,32.5
2021-11-10,-38.0
2021-11-11,89.0
2021-11-12,320.0
2021-11-15,-36.5
2021-11-16,15.5
2021-11-17,-158.5
2021-11-18,-106.0
2021-11-19,-129.0
2021-11-22,-334.0
2021-11-23,4.5
2021-11-24,0.0
2021-11-25,0.0
2021-11-26,0.0
2021-11-29,0.0
2021-11-30,-18.0
2021-12-01,186.0
2021-12-02,-337.0
2021-12-03,511.5
2021-12-06,197.5
2021-12-07,1040.5
2021-12-08,0.0
2021-12-09,63.0
2021-12-10,0.0
2021-12-13,0.0
2021-12-14,0.0
2021-12-15,150.5
2021-12-16,601.5
2021-12-17,0.0
2021-12-20,0.0
2021-12-21,49.5
2021-12-22,10.5
2021-12-23,6.5
2021-12-27,232.0
2021-12-28,0.0
2021-12-29,0.0
2021-12-30,0.0
2021-12-31,0.0
2022-01-03,0.0
2022-01-04,242.0
2022-01-05,268.0
2022-01-06,-140.0
2022-01-07,-210.0
2022-01-10,-216.0
2022-01-11,582.0
2022-01-12,0.0
2022-01-13,508.5
2022-01-14,-96.0
2022-01-17,0.0
2022-01-18,0.0
2022-01-19,-277.0
2022-01-20,-500.5
2022-01-21,-615.5
2022-01-24,71.5
2022-01-25,-1157.5
2022-01-26,-5.5
2022-01-27,-528.0
2022-01-28,317.0
2022-01-31,506.0
2022-02-01,-111.5
2022-02-02,0.0
2022-02-03,0.0
2022-02-04,-65.0
2022-02-07,0.0
2022-02-08,-81.0
2022-02-09,0.0
2022-02-10,0.0
2022-02-11,586.5
2022-02-14,-160.5
2022-02-15,0.0
2022-02-16,-46.5
2022-02-17,274.0
2022-02-18,-61.5
2022-02-21,0.0
2022-02-22,-104.0
2022-02-23,241.0
2022-02-24,511.0
2022-02-25,-428.5
2022-02-28,0.0
2022-03-01,-198.5
2022-03-02,0.0
2022-03-03,-242.5
2022-03-04,66.5
2022-03-07,693.5
2022-03-08,-8.5
2022-03-09,0.0
2022-03-10,0.0
2022-03-11,96.5
2022-03-14,11.5
2022-03-15,-321.0
2022-03-16,0.0
2022-03-17,0.0
2022-03-18,218.5
2022-03-21,-236.5
2022-03-22,287.5
2022-03-23,0.0
2022-03-24,71.5
2022-03-25,-88.0
2022-03-28,-78.0
2022-03-29,0.0
2022-03-30,0.0
2022-03-31,-86.5
2022-04-01,-44.5
2022-04-04,230.0
2022-04-05,283.5
2022-04-06,-485.0
2022-04-07,-86.0
2022-04-08,-205.0
2022-04-11,-233.5
2022-04-12,0.0
2022-04-13,228.0
2022-04-14,454.5
2022-04-18,0.0
2022-04-19,401.0
2022-04-20,176.0
2022-04-21,244.5
2022-04-22,251.0
2022-04-25,0.0
2022-04-26,501.5
2022-04-27,-550.5
2022-04-28,194.5
2022-04-29,512.5
2022-05-02,-241.0
2022-05-03,0.0
2022-05-04,359.0
2022-05-05,594.0
2022-05-06,-286.0
2022-05-09,-159.0
2022-05-10,0.0
2022-05-11,58.0
2022-05-12,0.0
2022-05-13,68.0
2022-05-16,0.0
2022-05-17,0.0
2022-05-18,367.0
2022-05-19,0.0
2022-05-20,-189.5
2022-05-23,0.0
2022-05-24,21.5
2022-05-25,-68.0
2022-05-26,287.5
2022-05-27,158.5
2022-05-30,0.0
2022-05-31,-66.0
2022-06-01,-18.0
2022-06-02,246.0
2022-06-03,0.0
2022-06-06,0.0
2022-06-07,0.0
2022-06-08,0.0
2022-06-09,0.0
2022-06-10,94.0
2022-06-13,-3.0
2022-06-14,0.0
2022-06-15,0.0
2022-06-16,-72.0
2022-06-17,-242.5
2022-06-20,0.0
2022-06-21,-89.0
2022-06-22,-27.5
2022-06-23,0.0
2022-06-24,288.0
2022-06-27,-24.5
2022-06-28,395.5
2022-06-29,0.0
2022-06-30,-181.0
2022-07-01,0.0
2022-07-04,0.0
2022-07-05,121.0
2022-07-06,0.0
2022-07-07,264.5
2022-07-08,0.0
2022-07-11,-229.0
2022-07-12,0.0
2022-07-13,0.0
2022-07-14,-115.5
2022-07-15,0.0
2022-07-18,0.0
2022-07-19,241.5
2022-07-20,38.0
2022-07-21,-65.0
2022-07-22,111.0
2022-07-25,-43.0
2022-07-26,87.0
2022-07-27,158.5
2022-07-28,-145.0
2022-07-29,-32.0
2022-08-01,-81.0
2022-08-02,0.0
2022-08-03,364.0
2022-08-04,0.0
2022-08-05,0.0
2022-08-08,-100.0
2022-08-09,-123.0
2022-08-10,0.0
2022-08-11,0.0
2022-08-12,140.0
2022-08-15,0.0
2022-08-16,-39.5
2022-08-17,-131.0
2022-08-18,-75.5
2022-08-19,63.5
2022-08-22,203.5
2022-08-23,0.0
2022-08-24,-80.5
2022-08-25,-152.0
2022-08-26,625.0
2022-08-29,0.0
2022-08-30,109.0
2022-08-31,0.0
2022-09-01,-137.5
2022-09-02,45.0
2022-09-05,0.0
2022-09-06,-139.5
2022-09-07,17.0
2022-09-08,-17.0
2022-09-09,161.0
2022-09-12,-20.5
2022-09-13,282.0
2022-09-14,0.0
2022-09-15,-340.5
2022-09-16,-131.0
2022-09-19,0.0
2022-09-20,0.0
2022-09-21,0.0
2022-09-22,-126.0
2022-09-23,-29.5
2022-09-26,-254.5
2022-09-27,0.0
2022-09-28,249.5
2022-09-29,24.0
2022-09-30,-191.0
2022-10-03,82.0
2022-10-04,-225.0
2022-10-05,-54.5
2022-10-06,0.0
2022-10-07,246.0
2022-10-10,-243.5
2022-10-11,-68.0
2022-10-12,0.0
2022-10-13,297.5
2022-10-14,467.0
2022-10-17,13.5
2022-10-18,0.0
2022-10-19,0.0
2022-10-20,-47.5
2022-10-21,230.0
2022-10-24,-211.0
2022-10-25,18.5
2022-10-26,0.0
2022-10-27,-288.5
2022-10-28,470.0
2022-10-31,0.0
2022-11-01,0.0
2022-11-02,116.0
2022-11-03,-207.0
2022-11-04,0.0
2022-11-07,0.0
2022-11-08,-224.5
2022-11-09,133.0
2022-11-10,162.0
2022-11-11,-52.0
2022-11-14,0.0
2022-11-15,0.0
2022-11-16,-31.5
2022-11-17,0.0
2022-11-18,0.0
2022-11-21,0.0
2022-11-22,0.0
2022-11-23,-61.5
2022-11-24,0.0
2022-11-25,0.0
2022-11-28,-68.0
2022-11-29,-84.0
2022-11-30,534.5
2022-12-01,-239.0
2022-12-02,0.0
2022-12-05,-96.0
2022-12-06,200.0
2022-12-07,-160.0
2022-12-08,-76.0
2022-12-09,0.0
2022-12-12,0.0
2022-12-13,0.0
2022-12-14,0.0
2022-12-15,190.5
2022-12-16,46.5
2022-12-19,-114.5
2022-12-20,0.0
2022-12-21,-50.5
2022-12-22,107.0
2022-12-23,0.0
2022-12-27,-192.0
2022-12-28,12.5
2022-12-29,106.5
2022-12-30,0.0
2023-01-03,-150.0
2023-01-04,0.0
2023-01-05,0.0
2023-01-06,163.0
2023-01-09,-43.0
2023-01-10,0.0
2023-01-11,75.5
2023-01-12,-150.5
2023-01-13,0.0
2023-01-16,0.0
2023-01-17,0.0
2023-01-18,35.0
2023-01-19,0.0
2023-01-20,277.0
2023-01-23,212.5
2023-01-24,0.0
2023-01-25,-39.5
2023-01-26,0.0
2023-01-27,-90.0
2023-01-30,0.0
2023-01-31,43.0
2023-02-01,121.0
2023-02-02,-105.5
2023-02-03,0.0
2023-02-06,0.0
2023-02-07,-217.5
2023-02-08,179.0
2023-02-09,0.0
2023-02-10,0.0
2023-02-13,-18.5
2023-02-14,-10.5
2023-02-15,0.0
2023-02-16,0.0
2023-02-17,-160.0
2023-02-20,0.0
2023-02-21,-68.0
2023-02-22,10.0
2023-02-23,206.5
2023-02-24,-416.5
2023-02-27,172.0
2023-02-28,-39.0
2023-03-01,-392.5
2023-03-02,250.0
2023-03-03,264.5
2023-03-06,-94.0
2023-03-07,136.5
2023-03-08,-108.0
2023-03-09,162.0
2023-03-10,90.5
2023-03-13,-16.0
2023-03-14,19.5
2023-03-15,0.0
2023-03-16,382.5
2023-03-17,-158.0
2023-03-20,0.0
2023-03-21,0.0
2023-03-22,0.0
2023-03-23,39.5
2023-03-24,0.0
2023-03-27,-106.0
2023-03-28,-128.5
2023-03-29,0.0
2023-03-30,0.0
2023-03-31,241.0
2023-04-03,0.0
2023-04-04,0.0
2023-04-05,19.0
2023-04-06,-13.5
2023-04-10,-102.5
2023-04-11,38.5
2023-04-12,66.0
2023-04-13,774.0
2023-04-14,0.0
2023-04-17,0.0
2023-04-18,0.0
2023-04-19,0.0
2023-04-20,55.5
2023-04-21,-107.0
2023-04-24,-54.0
2023-04-25,-362.0
2023-04-26,148.0
2023-04-27,903.0
2023-04-28,-190.0
2023-05-01,0.0
2023-05-02,24.5
2023-05-03,-83.5
2023-05-04,-26.0
2023-05-05,255.5
2023-05-08,0.0
2023-05-09,0.0
2023-05-10,0.0
2023-05-11,0.0
2023-05-12,-92.0
2023-05-15,0.0
2023-05-16,-40.0
2023-05-17,69.5
2023-05-18,363.5
2023-05-19,-48.0
2023-05-22,-80.5
2023-05-23,12.5
2023-05-24,-129.0
2023-05-25,0.0
2023-05-26,380.5
2023-05-29,0.0
2023-05-30,0.0
2023-05-31,0.0
2023-06-01,174.5
2023-06-02,0.0
2023-06-05,-30.5
2023-06-06,0.0
2023-06-07,304.0
2023-06-08,503.0
2023-06-09,-28.5
2023-06-12,116.0
2023-06-13,0.0
2023-06-14,0.0
2023-06-15,190.5
2023-06-16,0.0
2023-06-19,0.0
2023-06-20,-64.5
2023-06-21,35.0
2023-06-22,7.5
2023-06-23,0.0
2023-06-26,50.5
2023-06-27,189.5
2023-06-28,-76.5
2023-06-29,0.0
2023-06-30,-21.5
2023-07-03,0.0
2023-07-04,0.0
2023-07-05,-98.5
2023-07-06,0.0
2023-07-07,-19.0
2023-07-10,0.0
2023-07-11,0.0
2023-07-12,-79.0
2023-07-13,73.0
2023-07-14,-56.0
2023-07-17,32.5
2023-07-18,105.0
2023-07-19,0.0
2023-07-20,304.5
2023-07-21,0.0
2023-07-24,0.0
2023-07-25,-39.0
2023-07-26,-136.5
2023-07-27,0.0
2023-07-28,109.0
2023-07-31,0.0
2023-08-01,0.0
2023-08-02,245.5
2023-08-03,0.0
2023-08-04,18.5
2023-08-07,257.0
2023-08-08,-339.5
2023-08-09,-365.5
2023-08-10,-192.0
2023-08-11,-199.0
2023-08-14,518.0
2023-08-15,-125.0
2023-08-16,34.0
2023-08-17,156.0
2023-08-18,-44.0
2023-08-21,507.0
2023-08-22,0.0
2023-08-23,209.0
2023-08-24,422.0
2023-08-25,0.0
2023-08-28,0.0
2023-08-29,418.5
2023-08-30,0.0
2023-08-31,10.0
2023-09-01,0.0
2023-09-04,0.0
2023-09-05,0.0
2023-09-06,3.5
2023-09-07,0.0
2023-09-08,-178.0
2023-09-11,0.0
2023-09-12,0.0
2023-09-13,0.0
2023-09-14,0.0
2023-09-15,247.0
2023-09-18,0.0
2023-09-19,-15.0
2023-09-20,91.5
2023-09-21,-612.5
2023-09-22,-70.5
2023-09-25,140.0
2023-09-26,-435.5
2023-09-27,-58.0
2023-09-28,245.5
2023-09-29,-116.0
2023-10-02,-99.0
2023-10-03,125.5
2023-10-04,30.0
2023-10-05,-162.0
2023-10-06,112.0
2023-10-09,0.0
2023-10-10,64.5
2023-10-11,0.0
2023-10-12,0.0
2023-10-13,285.0
2023-10-16,15.0
2023-10-17,-209.0
2023-10-18,0.0
2023-10-19,1.0
2023-10-20,-391.0
2023-10-23,97.0
2023-10-24,304.0
2023-10-25,279.5
2023-10-26,-33.0
2023-10-27,143.0
2023-10-30,94.0
2023-10-31,-9.5
2023-11-01,24.5
2023-11-02,0.0
2023-11-03,-13.0
2023-11-06,0.0
2023-11-07,-42.5
2023-11-08,0.0
2023-11-09,-35.5
2023-11-10,423.0
2023-11-13,0.0
2023-11-14,-25.5
2023-11-15,0.0
2023-11-16,0.0
2023-11-17,0.0
2023-11-20,197.0
2023-11-21,-75.5
2023-11-22,0.0
2023-11-23,0.0
2023-11-24,0.0
2023-11-27,0.0
2023-11-28,0.0
2023-11-29,-184.0
2023-11-30,79.0
2023-12-01,12.0
2023-12-04,-140.0
2023-12-05,-132.5
2023-12-06,20.5
2023-12-07,-18.5
2023-12-08,0.0
2023-12-11,-2.0
2023-12-12,56.5
2023-12-13,0.0
2023-12-14,-62.5
2023-12-15,-2.0
2023-12-18,6.5
2023-12-19,0.0
2023-12-20,157.0
2023-12-21,0.0
2023-12-22,0.0
2023-12-26,0.0
2023-12-27,0.0
2023-12-28,0.0
2023-12-29,-12.5
2024-01-02,217.5
2024-01-03,-410.0
2024-01-04,-194.0
2024-01-05,-58.0
2024-01-08,979.0
2024-01-09,0.0
2024-01-10,31.5
2024-01-11,-81.5
2024-01-12,0.0
2024-01-15,0.0
2024-01-16,0.0
2024-01-17,-176.0
2024-01-18,-47.5
2024-01-19,310.5
2024-01-22,0.0
2024-01-23,0.0
2024-01-24,-40.0
2024-01-25,0.0
2024-01-26,0.0
2024-01-29,107.5
2024-01-30,-61.0
2024-01-31,-98.0
2024-02-01,-61.0
2024-02-02,240.0
2024-02-05,-31.5
2024-02-06,-174.0
2024-02-07,-165.5
2024-02-08,0.0
2024-02-09,190.0
2024-02-12,0.0
2024-02-13,0.0
2024-02-14,0.0
2024-02-15,-17.5
2024-02-16,-246.0
2024-02-19,0.0
2024-02-20,-126.5
2024-02-21,52.0
2024-02-22,1149.0
2024-02-23,0.0
2024-02-26,0.0
2024-02-27,0.0
2024-02-28,0.0
2024-02-29,0.0
2024-03-01,372.5
2024-03-04,0.0
2024-03-05,262.0
2024-03-06,0.0
2024-03-07,123.5
2024-03-08,247.0
2024-03-11,-95.5
2024-03-12,41.0
2024-03-13,0.0
2024-03-14,-451.0
2024-03-15,-95.0
2024-03-18,-119.5
2024-03-19,-92.5
2024-03-20,110.5
2024-03-21,0.0
2024-03-22,0.0
2024-03-25,0.0
2024-03-26,0.0
2024-03-27,0.0
2024-03-28,0.0
2024-04-01,-115.0
2024-04-02,-94.5
2024-04-03,27.5
2024-04-04,-167.5
2024-04-05,605.5
2024-04-08,27.0
2024-04-09,-115.5
2024-04-10,0.0
2024-04-11,125.5
2024-04-12,-52.5
2024-04-15,470.0
2024-04-16,0.0
2024-04-17,80.0
2024-04-18,-347.0
2024-04-19,-317.5
2024-04-22,273.5
2024-04-23,764.5
2024-04-24,0.0
2024-04-25,0.0
2024-04-26,16.0
2024-04-29,0.0
2024-04-30,-83.0
2024-05-01,-325.5
2024-05-02,0.0
2024-05-03,0.0
2024-05-06,0.0
2024-05-07,0.0
2024-05-08,0.0
2024-05-09,0.0
2024-05-10,0.0
2024-05-13,0.0
2024-05-14,-64.0
2024-05-15,220.0
2024-05-16,-21.0
2024-05-17,-74.5
2024-05-20,43.5
2024-05-21,0.0
2024-05-22,-53.5
2024-05-23,31.5
2024-05-24,82.5
2024-05-27,0.0
2024-05-28,0.0
2024-05-29,0.0
2024-05-30,79.5
2024-05-31,-176.5
2024-06-03,56.0
2024-06-04,68.5
2024-06-05,217.5
2024-06-06,0.0
2024-06-07,0.0
2024-06-10,0.0
2024-06-11,0.0
2024-06-12,-43.5
2024-06-13,0.0
2024-06-14,0.0
2024-06-17,220.5
2024-06-18,0.0
2024-06-19,0.0
2024-06-20,0.0
2024-06-21,-72.0
2024-06-24,-46.5
2024-06-25,-53.0
2024-06-26,0.0
2024-06-27,-112.0
2024-06-28,-139.0
2024-07-01,0.0
2024-07-02,201.5
2024-07-03,0.0
2024-07-04,0.0
2024-07-05,181.5
2024-07-08,0.0
2024-07-09,0.0
2024-07-10,38.5
2024-07-11,577.0
2024-07-12,-61.0
2024-07-15,-69.0
2024-07-16,-119.0
2024-07-17,246.5
2024-07-18,-480.5
2024-07-19,-580.0
2024-07-22,573.0
2024-07-23,-77.5
2024-07-24,445.0
2024-07-25,-795.5
2024-07-26,368.5
2024-07-29,-113.0
2024-07-30,-238.5
2024-07-31,887.0
2024-08-01,268.5
2024-08-02,-178.0
2024-08-05,161.0
2024-08-06,-279.5
2024-08-07,-399.0
2024-08-08,1114.0
2024-08-09,0.0
2024-08-12,0.0
2024-08-13,57.5
2024-08-14,0.0
2024-08-15,29.5
2024-08-16,0.0
2024-08-19,0.0
2024-08-20,0.0
2024-08-21,0.0
2024-08-22,-9.0
2024-08-23,-398.5
2024-08-26,-124.0
2024-08-27,-132.5
2024-08-28,-60.5
2024-08-29,-100.5
2024-08-30,0.0
2024-09-02,0.0
2024-09-03,652.0
2024-09-04,0.0
2024-09-05,-274.5
2024-09-06,426.0
2024-09-09,460.5
2024-09-10,341.5
2024-09-11,159.0
2024-09-12,-25.5
2024-09-13,0.0
2024-09-16,0.0
2024-09-17,0.0
2024-09-18,0.0
2024-09-19,0.0
2024-09-20,-126.5
2024-09-23,0.0
2024-09-24,0.0
2024-09-25,0.0
2024-09-26,0.0
2024-09-27,-198.5
2024-09-30,0.0
2024-10-01,129.5
2024-10-02,63.5
2024-10-03,-44.0
2024-10-04,445.0
2024-10-07,-59.5
2024-10-08,95.0
2024-10-09,38.0
2024-10-10,0.0
2024-10-11,0.0
2024-10-14,-68.5
2024-10-15,273.0
2024-10-16,-244.0
2024-10-17,0.0
2024-10-18,0.0
2024-10-21,0.0
2024-10-22,0.0
2024-10-23,-23.0
2024-10-24,0.0
2024-10-25,-215.5
2024-10-28,0.0
2024-10-29,184.5
2024-10-30,0.0
2024-10-31,283.5
2024-11-01,-10.5
2024-11-04,0.0
2024-11-05,-61.5
2024-11-06,33.0
2024-11-07,227.0
2024-11-08,0.0
2024-11-11,0.0
2024-11-12,-134.5
2024-11-13,0.0
2024-11-14,65.5
2024-11-15,-640.0
2024-11-18,272.5
2024-11-19,200.5
2024-11-20,-385.5
2024-11-21,-175.5
2024-11-22,0.0
2024-11-25,0.0
2024-11-26,0.0
2024-11-27,43.0
2024-11-28,0.0
2024-11-29,0.0
2024-12-02,78.0
2024-12-03,0.0
2024-12-04,0.0
2024-12-05,0.0
2024-12-06,93.0
2024-12-09,-81.0
2024-12-10,-75.5
2024-12-11,184.5
2024-12-12,0.0
2024-12-13,-109.0
2024-12-16,253.5
2024-12-17,0.0
2024-12-18,1062.5
2024-12-19,0.0
2024-12-20,156.0
2024-12-23,4.5
2024-12-24,0.0
2024-12-26,0.0
2024-12-27,-213.5
2024-12-30,-206.5
2024-12-31,-299.5
2025-01-02,-193.5
2025-01-03,681.0
2025-01-06,42.0
2025-01-07,585.0
2025-01-08,0.0
2025-01-10,-202.5
2025-01-13,-134.5
2025-01-14,-50.5
2025-01-15,901.0
2025-01-16,0.0
2025-01-17,0.0
2025-01-20,0.0
2025-01-21,0.0
2025-01-22,-117.5
2025-01-23,0.0
2025-01-24,-67.0
2025-01-27,56.0
2025-01-28,845.5
2025-01-29,-327.5
2025-01-30,132.5
2025-01-31,-159.5
2025-02-03,0.0
2025-02-04,158.5
2025-02-05,0.0
2025-02-06,0.0
2025-02-07,319.5
2025-02-10,14.5
2025-02-11,0.0
2025-02-12,0.0
2025-02-13,-68.5
2025-02-14,0.0
2025-02-17,0.0
2025-02-18,0.0
2025-02-19,0.0
2025-02-20,-236.0
2025-02-21,644.5
2025-02-24,-594.5
2025-02-25,-437.5
2025-02-26,-207.0
2025-02-27,-904.0
2025-02-28,605.0
2025-03-03,-429.0
2025-03-04,-415.5
2025-03-05,372.5
2025-03-06,163.5
2025-03-07,-198.5
2025-03-10,410.0
2025-03-11,-249.0
2025-03-12,0.0
2025-03-13,-355.0
2025-03-14,-14.0
2025-03-17,0.0
2025-03-18,-135.0
2025-03-19,-148.0
2025-03-20,0.0
2025-03-21,0.0
2025-03-24,0.0
2025-03-25,0.0
2025-03-26,404.0
2025-03-27,0.0
2025-03-28,379.5
2025-03-31,0.0
2025-04-01,0.0
2025-04-02,-66.0
2025-04-03,-76.0
2025-04-04,829.0
2025-04-07,-311.5
2025-04-08,22.0
2025-04-09,2754.5
2025-04-10,129.5
2025-04-11,0.0
2025-04-14,0.0
2025-04-15,0.0
2025-04-16,0.0
2025-04-17,0.0
2025-04-21,207.0
2025-04-22,-391.5
2025-04-23,-123.5
2025-04-24,303.5
2025-04-25,0.0
2025-04-28,-10.5
2025-04-29,0.0
2025-04-30,-307.0
2025-05-01,0.0
2025-05-02,0.0
2025-05-05,0.0
2025-05-06,0.0
2025-05-07,0.0
2025-05-08,-52.0
2025-05-09,0.0
2025-05-12,0.0
2025-05-13,293.5
2025-05-14,0.0
2025-05-15,0.0
2025-05-16,0.0
2025-05-19,0.0
2025-05-20,0.0
2025-05-21,-79.5
2025-05-22,-341.5
2025-05-23,0.0
2025-05-26,0.0
2025-05-27,123.0
2025-05-28,0.0
2025-05-29,0.0
2025-05-30,-399.0
2025-06-02,51.5
2025-06-03,23.5
2025-06-04,0.0
2025-06-05,7.0
2025-06-06,0.0
2025-06-09,0.0
2025-06-10,0.0
2025-06-11,-47.0
2025-06-12,0.0
2025-06-13,0.0
2025-06-16,12.0
2025-06-17,-10.0
2025-06-18,0.0
2025-06-19,0.0
2025-06-20,-418.0
2025-06-23,48.0
2025-06-24,11.5
2025-06-25,0.0
2025-06-26,-12.5
2025-06-27,-119.5
2025-06-30,0.0
2025-07-01,-176.0
2025-07-02,95.5
2025-07-03,0.0
2025-07-04,0.0
2025-07-07,0.0
2025-07-08,0.0
2025-07-09,-157.0
2025-07-10,-146.5
2025-07-11,0.0
2025-07-14,14.5
2025-07-15,0.0
2025-07-16,-199.5
2025-07-17,191.5
2025-07-18,-5.5
2025-07-21,-119.0
2025-07-22,-217.0
2025-07-23,0.0
2025-07-24,0.0
2025-07-25,-84.5
2025-07-28,0.0
2025-07-29,0.0
2025-07-30,0.0
2025-07-31,67.5
2025-08-01,-459.0
2025-08-04,914.5
2025-08-05,-419.5
2025-08-06,854.0
2025-08-07,0.0
2025-08-08,149.5
2025-08-11,0.0
2025-08-12,160.5
2025-08-13,0.0
2025-08-14,0.0
2025-08-15,-171.0
2025-08-18,0.0
2025-08-19,423.0
2025-08-20,-578.0
2025-08-21,-214.5
2025-08-22,904.5
2025-08-25,0.0
2025-08-26,0.0
2025-08-27,0.0
2025-08-28,3.0
2025-08-29,138.0
2025-09-01,0.0
2025-09-02,0.0
2025-09-03,0.0
2025-09-04,89.0
2025-09-05,0.0
2025-09-08,0.0
2025-09-09,0.0
2025-09-10,0.0
2025-09-11,0.0
2025-09-12,0.0
2025-09-15,-86.0
2025-09-16,0.0
2025-09-17,-273.0
2025-09-18,0.0
2025-09-19,0.0
2025-09-22,39.5
2025-09-23,20.0
2025-09-24,-206.0
2025-09-25,-331.0
2025-09-26,-488.5
2025-09-29,-145.0
2025-09-30,-65.0
2025-10-01,16.5
2025-10-02,0.0
2025-10-03,-151.0
2025-10-06,0.0
2025-10-07,32.5
2025-10-08,282.0
2025-10-09,-175.5
2025-10-10,1156.5
2025-10-13,860.0
2025-10-14,-597.5
2025-10-15,175.0
2025-10-16,-377.5
2025-10-17,-164.5
2025-10-20,141.0
2025-10-21,-6.0
2025-10-22,138.0
2025-10-23,8.5
2025-10-24,0.0
2025-10-27,0.0
2025-10-28,0.0
2025-10-29,0.0
2025-10-30,-12.5
2025-10-31,0.0
2025-11-03,0.0
2025-11-04,0.0
2025-11-05,114.0
2025-11-06,447.5
2025-11-07,169.5
2025-11-10,913.0
2025-11-11,0.0
2025-11-12,0.0
2025-11-13,552.5
2025-11-14,0.0
2025-11-17,-187.5
2025-11-18,-1311.5
2025-11-19,32.5
2025-11-20,-496.5
2025-11-21,91.0
2025-11-24,1741.0
2025-11-25,0.0
2025-11-26,0.0
2025-11-27,0.0
2025-11-28,0.0
2025-12-01,0.0
2025-12-02,0.0
2025-12-03,0.0
2025-12-04,0.0
2025-12-05,-175.5
2025-12-08,0.0
2025-12-09,0.0
2025-12-10,0.0
2025-12-11,-423.5
2025-12-12,236.5
2025-12-15,-375.0
2025-12-16,166.0
2025-12-17,0.0
2025-12-18,0.0
2025-12-19,-153.0
2025-12-22,0.0
2025-12-23,0.0
2025-12-24,0.0
2025-12-26,0.0
2025-12-29,0.0
2025-12-30,0.0
2025-12-31,67.5
2026-01-02,-310.5
2026-01-05,442.0
2026-01-06,-154.5
2026-01-07,-62.0
2026-01-08,-405.5
2026-01-09,72.5
2026-01-12,0.0
2026-01-13,-134.5
2026-01-14,-198.0
2026-01-15,0.0
2026-01-16,0.0
2026-01-19,0.0
2026-01-20,33.0
2026-01-21,477.5
2026-01-22,323.0
2026-01-23,-297.0
2026-01-26,18.5
2026-01-27,0.0
2026-01-28,0.0
2026-01-29,-384.0
2026-01-30,-278.0
2026-02-02,-126.5
2026-02-03,325.5
2026-02-04,121.5
2026-02-05,-712.5
2026-02-06,1273.5
2026-02-09,403.5
2026-02-10,0.0
2026-02-11,0.0
2026-02-12,499.5
2026-02-13,0.0
2026-02-16,0.0
2026-02-17,-13.0
2026-02-18,212.5
2026-02-19,0.0
2026-02-20,-535.0
2026-02-23,-183.0
2026-02-24,-90.0
2026-02-25,-96.0
2026-02-26,179.5
2026-02-27,0.0
2026-03-02,0.0
2026-03-03,0.0
2026-03-04,304.5
2026-03-05,0.0
2026-03-06,0.0
2026-03-09,173.5
2026-03-10,0.0
2026-03-11,-296.0
2026-03-12,-34.0
2026-03-13,-423.0
2026-03-16,544.5
2026-03-17,252.5
2026-03-18,0.0
2026-03-19,0.0
2026-03-20,325.0
2026-03-23,-400.0
2026-03-24,0.0
2026-03-25,0.0
2026-03-26,430.0
2026-03-27,318.0
2026-03-30,55.5
2026-03-31,400.5
2026-04-01,-102.5
2026-04-02,0.0
2026-04-06,-166.5
2026-04-07,-183.5
2026-04-08,0.0
2026-04-09,0.0
2026-04-10,0.0
2026-04-13,0.0
2026-04-14,384.5
2026-04-15,210.5
2026-04-16,0.0
2026-04-17,-126.0
2026-04-20,-83.0
2026-04-21,0.0
2026-04-22,-68.0
2026-04-23,-160.5
2026-04-24,196.5
2026-04-27,0.0
2026-04-28,-27.0
2026-04-29,-45.5
2026-04-30,-250.5
2026-05-01,-63.5
2026-05-04,-156.0
2026-05-05,122.0
2026-05-06,268.5
2026-05-07,5.5
2026-05-08,469.5
2026-05-11,-96.5
2026-05-12,85.5
2026-05-13,16.0
2026-05-14,183.0
2026-05-15,-312.0
2026-05-18,-308.0
2026-05-19,0.0
2026-05-20,197.0
2026-05-21,0.0
2026-05-22,0.0
2026-05-25,0.0
2026-05-26,-41.5
2026-05-27,-78.0
2026-05-28,188.5
2026-05-29,-217.0
2026-06-01,-81.5
2026-06-02,0.0
2026-06-03,-212.5
2026-06-04,0.0
2026-06-05,1267.0
2026-06-08,695.0
2026-06-09,-448.0
2026-06-10,-1068.0
2026-06-11,2089.5
2026-06-12,-388.5
2026-06-15,38.0
2026-06-16,690.5
2026-06-17,0.0
2026-06-18,0.0
2026-06-19,0.0
2026-06-22,0.0
2026-06-23,0.0
2026-06-24,-283.0
2026-06-25,-447.5
2026-06-26,0.0
2026-06-29,222.0
2026-06-30,392.5
2026-07-01,0.0
2026-07-02,14.5
2026-07-03,0.0
2026-07-06,-99.5
2026-07-07,-178.5
2026-07-08,0.0
2026-07-09,0.0
2026-07-10,0.0
2026-07-13,-115.5
2026-07-14,0.0
2026-07-15,-94.5
2026-07-16,-140.5
2026-07-17,-127.5
2026-07-20,42.0
2026-07-21,1106.5
2026-07-22,0.0
2026-07-23,-25.0
2026-07-24,-82.5
2026-07-27,-643.5
2026-07-28,-1013.5
2026-07-29,-1370.5
2026-07-30,1812.5
2026-07-31,0.0
2026-08-03,596.5
2026-08-04,838.0
2026-08-05,0.0
2026-08-06,0.0
2026-08-07,0.0
2026-08-10,0.0
2026-08-11,0.0
2026-08-12,0.0
2026-08-13,-114.5
2026-08-14,0.0
2026-08-17,0.0
2026-08-18,-25.5
2026-08-19,-127.5
2026-08-20,-431.0
2026-08-21,178.5
2026-08-24,-835.0
2026-08-25,341.5
2026-08-26,129.0
2026-08-27,17.5
2026-08-28,-19.5
2026-08-31,0.0
2026-09-01,0.0
2026-09-02,0.0
2026-09-03,346.5
2026-09-04,-229.0
2026-09-07,0.0
2026-09-08,-19.0
2026-09-09,0.0
2026-09-10,-45.0
2026-09-11,497.5
2026-09-14,-471.0
2026-09-15,-307.5
2026-09-16,0.0
2026-09-17,0.0
2026-09-18,0.0
2026-09-21,728.5
2026-09-22,148.0
2026-09-23,188.5
2026-09-24,0.0
2026-09-25,0.0
